Nicrophorus tomentosus,1,147457
Halyomorpha halys,2,81923
Aramus guarauna,3,7
Rupornis magnirostris,4,201041
Hyla eximia,5,65551
Nannothemis bella,6,106516
Acalymma vittatum,7,154287
Ramphotyphlops braminus,8,32798
Cyanocitta cristata,9,8229
Drymarchon melanurus,10,73766
Aenetus virescens,11,409639
Cyanocitta stelleri,12,8234
Polygrammate hebraeicum,13,228593
Balearica regulorum,14,53
Fistularia commersonii,15,57399
Syritta pipiens,16,81979
Plestiodon fasciatus,17,73788
Plestiodon inexpectatus,18,73790
Pyrocephalus rubinus,19,16447
Plestiodon laticeps,20,73792
Anguilla rostrata,21,49219
Plestiodon obsoletus,22,73797
Plestiodon tetragrammus,23,73803
Syntomoides imaon,24,122956
Arion ater,25,82003
Chamaeleo dilepis,26,32854
Tragelaphus scriptus,27,42341
Taeniopoda eques,28,82018
Libellula quadrimaculata,29,57443
Recurvirostra americana,30,4885
Phalaenophana pyramusalis,31,178403
Agalychnis dacnicolor,32,135027
Haemulon sciurus,33,49262
Cordulegaster diastatops,34,98417
Ladona julia,35,57458
Ardeotis kori,36,115
Diodon holocanthus,37,49269
Papilio canadensis,38,57463
Monochamus scutellatus,39,82043
Ceratotherium simum simum,40,147580
Cordulia shurtleffii,41,98430
Pica nuttalli,42,8319
Dasyprocta punctata,43,43712
Perisoreus canadensis,44,8335
Antigone canadensis,45,508048
Aetobatus narinari,46,49297
Phyciodes pulchella,47,82069
Parkesia noveboracensis,48,73149
Ardea herodias occidentalis,49,180379
Pantherophis emoryi,50,73884
Nehalennia irene,51,106653
Pantherophis guttatus,52,73887
Pantherophis obsoletus,53,73888
Porzana carolina,54,162
Siproeta stelenes biplagiata,55,245925
Physalia physalis,56,117302
Bombus terrestris,57,57516
Anas platyrhynchos diazi,58,204995
Hyles lineata,59,49348
Dolomedes tenebrosus,60,82117
Varanus salvator,61,114891
Epilachna mexicana,62,319695
Desmodus rotundus,63,41168
Motacilla cinerea,64,13688
Papio ursinus,65,57556
Empidonax difficilis,66,16598
Empidonax minimus,67,16602
Empidonax fulvifrons,68,16604
Trite planiceps,69,409181
Hemileuca eglanterina,70,82144
Empidonax traillii,71,16611
Ceratomia undulosa,72,82153
Bittacomorpha clavipes,73,82155
Xanthorhoe lacustrata,74,205036
Empidonax hammondii,75,16624
Empidonax occidentalis,76,16625
Rallus limicola,77,243
Grus grus,78,41
Abudefduf saxatilis,79,49402
Callophrys niphon,80,58550
Zopherus nodulosus haldemani,81,205055
Hermetia illucens,82,82177
Quiscalus major,83,9601
Branta leucopsis,84,7101
Cyanocorax yucatanicus,85,8470
Zamenis longissimus,86,74009
Cyanocorax yncas,87,8474
Nadata gibbosa,88,82204
Ensatina eschscholtzii xanthoptica,89,123168
Heterocampa biundata,90,82210
Oniscus asellus,91,48284
Oceanites oceanicus,92,4146
Lophocampa caryae,93,82225
Quiscalus niger,94,9609
Incilius nebulifer,95,65849
Miomantis caffra,96,207583
Pyrausta insequalis,97,491839
Alces americanus,98,74048
Cotinis mutabilis,99,57665
Incilius valliceps,100,65860
Dolichovespula maculata,101,52911
Psilorhinus morio,102,8524
Thalassoma bifasciatum,103,49491
Tadarida brasiliensis,104,41301
Xylocopa varipuncta,105,57687
Bombus vosnesenskii,106,57689
Bombus sonorus,107,57690
Basiliscus vittatus,108,33118
Phlogophora meticulosa,109,205151
Callinectes sapidus,110,49504
Megarynchus pitangua,111,16737
Gallinula tenebrosa,112,357
Ameiurus melas,113,82278
Automeris io,114,82279
Gallus gallus domesticus,115,505478
Crotaphytus collaris,116,33135
Lavia frons,117,41328
Anaxyrus boreas halophilus,118,196979
Sigmodon hispidus,119,44902
Numida meleagris,120,1428
Junco hyemalis caniceps,121,119153
Pisaster brevispinus,122,49539
Belocaulus angustipes,123,328068
Clostera albosigma,124,120214
Tyrannus vociferans,125,16779
Tyrannus tyrannus,126,16782
Tyrannus forficatus,127,16783
Tyrannus crassirostris,128,16784
Linckia laevigata,129,57745
Ecliptopera silaceata,130,205202
Dyspteris abortivaria,131,205203
Tyrannus verticalis,132,16791
Tyrannus savana,133,16793
Caripeta divisata,134,205213
Cicindela sexguttata,135,49566
Thylacodes squamigerus,136,491935
Cerma cerintha,137,205216
Caretta caretta,138,39665
Trichechus manatus latirostris,139,147881
Salvadora hexalepis,140,28743
Idaea dimidiata,141,205231
Iridopsis larvaria,142,205233
Leuconycta diphteroides,143,205235
Gallirallus australis,144,436
Metanema inatomaria,145,205238
Lepomis macrochirus,146,49591
Raphia frater,147,229817
Pomoxis nigromaculatus,148,49594
Lithobates catesbeianus,149,65979
Salvelinus fontinalis,150,49596
Lithobates clamitans,151,65982
Calocitta formosa,152,8649
Calocitta colliei,153,8650
Hemaris thysbe,154,82379
Lepomis gibbosus,155,49614
Hypercompe scribonia,156,63028
Eretmochelys imbricata,157,39672
Lithobates pipiens,158,66003
Vanessa kershawi,159,197077
Fulica americana,160,473
Rabidosa rabida,161,147930
Panoquina ocola,162,147931
Lithobates sylvaticus,163,66012
Pachyramphus aglaiae,164,8671
Phocoena phocoena,165,41440
Carphophis amoenus,166,27388
Cicindela punctulata,167,82418
Gastrophryne carolinensis,168,25078
Cicindela repanda,169,82425
Paonias myops,170,143446
Eschrichtius robustus,171,41478
Buteo lagopus,172,5200
Chrysodeixis includens,173,148908
Tursiops truncatus,174,41482
Cygnus atratus,175,6914
Philesturnus rufusater,176,464301
Chytolita morbidalis,177,129226
Aphonopelma iodius,178,180759
Apantesis phalerata,179,135318
Pisaster ochraceus,180,49699
Coluber lateralis lateralis,181,49700
Propylea quatuordecimpunctata,182,61532
Larus marinus,183,4368
Orcinus orca,184,41521
Paonias excaecata,185,49716
Delphinus delphis,186,41526
Pugettia producta,187,49723
Pitangus sulphuratus,188,16956
Diastictis fracturalis,189,210607
Equus asinus,190,148030
Anas rubripes,191,6924
Bothriechis schlegelii,192,30844
Argynnis paphia,193,123628
Anthus novaeseelandiae novaeseelandiae,194,131676
Megaptera novaeangliae,195,41566
Pyrgus oileus,196,49759
Anartia jatrophae,197,49761
Heliconius charithonia,198,49766
Coleonyx brevis,199,33383
Coleonyx elegans,200,33384
Euptoieta hegesia meridiania,201,312764
Vanessa gonerilla,202,82538
Coleonyx variegatus,203,33387
Aeshna canadensis,204,56082
Sayornis phoebe,205,17008
Sceloporus graciosus vandenburgianus,206,200808
Sayornis nigricans,207,17013
Cupido comyntas,208,122381
Mydas clavatus,209,123516
Tityra semifasciata,210,8834
Lampropeltis californiae,211,146199
Dryocopus lineatus,212,17858
Battus philenor hirsuta,213,334616
Labidomera clivicollis,214,82582
Pseudothyatira cymatophoroides,215,204699
Ursus americanus,216,41638
Desmognathus fuscus,217,27420
Anisota virginiensis,218,81584
Navanax inermis,219,49848
Calledapteryx dryopterata,220,143476
Procyon lotor,221,41663
Aplysia vaccaria,222,49857
Nasua narica,223,41673
Bassariscus astutus,224,41676
Aneides lugubris,225,27427
Porphyrio melanotus,226,418530
Neobernaya spadicea,227,311419
Sympetrum costiferum,228,113502
Oophaga pumilio,229,66278
Anas bahamensis,230,6951
Antaeotricha schlaegeri,231,213740
Xanthorhoe ferrugata,232,143485
Euphyia intermediata,233,120275
Strongylocentrotus purpuratus,234,48035
Mirounga angustirostris,235,41728
Halichoerus grypus,236,41733
Zalophus californianus,237,41740
Echinargus isola,238,118914
Egretta novaehollandiae,239,4936
Typocerus velutinus,240,131862
Pieris brassicae,241,55401
Arctocephalus forsteri,242,41752
Eumetopias jubatus,243,41755
Anas crecca carolinensis,244,123676
Phocarctos hookeri,245,41763
Cervus elaphus canadensis,246,181034
Ginglymostoma cirratum,247,49964
Anticarsia gemmatalis,248,213809
Battus philenor,249,49972
Microstylum morosum,250,205623
Arctia villica,251,336697
Taxidea taxus,252,41789
Phidiana hiltoni,253,48724
Neoscona oaxacensis,254,123713
Tarentola mauritanica,255,33602
Alectoris chukar,256,846
Mustela erminea,257,41808
Terrapene carolina carolina,258,50001
Mustela frenata,259,41810
Oryctes nasicornis,260,82774
Mustela nivalis,261,41815
Tachybaptus dominicus,262,4239
Artemisiospiza belli,263,344926
Celastrina neglecta,264,82792
Meles meles,265,41841
Gallus gallus,266,882
Mercenaria mercenaria,267,125758
Cardinalis sinuatus,268,9081
Cardinalis cardinalis,269,9083
Melospiza lincolnii,270,9092
Podilymbus podiceps,271,4246
Melospiza georgiana,272,9096
Meleagris gallopavo,273,906
Limacia cockerelli,274,50059
Orthodera novaezealandiae,275,394124
Cosmopepla lintneriana,276,82832
Meleagris ocellata,277,913
Conepatus leuconotus,278,41877
Euborellia annulipes,279,196419
Erynnis horatius,280,50071
Mephitis mephitis,281,41880
Dryas iulia,282,50073
Diphthera festiva,283,173793
Crocuta crocuta,284,41886
Agkistrodon contortrix contortrix,285,30683
Lagopus lagopus,286,931
Herpestes javanicus,287,41901
Biston betularia,288,143517
Spizella atrogularis,289,9139
Pyrrhocorax graculus,290,8350
Spizella breweri,291,9144
Sialia currucoides,292,12936
Spizella pusilla,293,9152
Tramea carolina,294,68229
Anas superciliosa,295,6987
Passerella iliaca,296,9156
Romaleon antennarium,297,202315
Phoenicopterus ruber,298,4257
Rana aurora,299,25545
Sylvia atricapilla,300,15282
Ladona deplanata,301,103927
Vireo bellii,302,17356
Ambystoma mavortium,303,26765
Plectrodera scalator,304,205777
Vireo plumbeus,305,17362
Didymops transversa,306,99283
Vireo philadelphicus,307,17364
Vireo flavifrons,308,17365
Vireo olivaceus,309,17366
Zonotrichia querula,310,9182
Vireo huttoni,311,17375
Zonotrichia albicollis,312,9184
Zonotrichia atricapilla,313,9185
Celithemis eponina,314,50147
Crassostrea virginica,315,47585
Emberiza citrinella,316,9195
Panthera leo,317,41964
Bucephala islandica,318,6994
Adalia bipunctata,319,52506
Emberiza schoeniclus,320,9201
Vireo gilvus,321,17394
Rana temporaria,322,25591
Lynx rufus,323,41976
Apoda y-inversum,324,214015
Enallagma vesperum,325,50176
Diplacodes trivialis,326,99331
Loxosceles reclusa,327,50181
Neovison vison,328,74758
Charaxes jasius,329,123912
Leopardus pardalis,330,41997
Dorcus parallelipipedus,331,123920
Urbanus procne,332,132334
Abudefduf sordidus,333,123922
Serinus serinus,334,9236
Puma concolor,335,42007
Serinus mozambicus,336,9240
Melanis pixe,337,148506
Urosalpinx cinerea,338,58399
Leptophobia aripa elodia,339,312353
Heliopetes laviana,340,148517
Phrynosoma cornutum,341,73905
Chrysemys picta marginata,342,39772
Rana boylii,343,25646
Aedes albopictus,344,62984
Ensatina eschscholtzii oregonensis,345,123959
Lophura leucomelanos,346,1081
Chrysemys picta picta,347,39775
Canis mesomelas,348,42046
Canis lupus,349,42048
Canis latrans,350,42051
Euphonia elegantissima,351,9284
Rana dalmatina,352,25669
Euphonia hirundinacea,353,9287
Euphonia affinis,354,9291
Iridopsis defectaria,355,222284
Papio anubis,356,74832
Myscelia ethusa,357,148563
Vulpes vulpes,358,42069
Agelaius tricolor,359,9743
Urocyon cinereoargenteus,360,42076
Momotus lessonii,361,509025
Zosterops japonicus,362,17506
Phalacrocorax pelagicus,363,4283
Thorybes pylades,364,58469
Icterus cucullatus,365,9319
Erynnis icelus,366,58473
Erynnis juvenalis,367,58475
Lycaon pictus,368,42093
Erynnis baptisiae,369,58478
Icterus graduacauda,370,9328
Ancyloxypha numitor,371,58481
Deloyala guttata,372,132210
Thymelicus lineola,373,58484
Motacilla aguimp,374,13701
Anas superciliosa \303\227 platyrhynchos,375,410743
Icterus pustulatus,376,9336
Icterus gularis,377,9339
Agrius convolvuli,378,124031
Pecari tajacu,379,42113
Lethe appalachia,380,132227
Sympetrum madidum,381,113516
Anatrytone logan,382,58509
Eurytides marcellus,383,83086
Poanes viator,384,58511
Epimecis hortaria,385,83090
Micrurus tener tener,386,115859
Camponotus pennsylvanicus,387,129902
Sus scrofa,388,42134
Pompeius verna,389,58519
Coccinella undecimpunctata,390,205977
Papilio polyxenes,391,58523
Papilio troilus,392,58525
Hypoblemum albovittatum,393,410783
Carduelis cannabina,394,9376
Colias philodice,395,58531
Hylephila phyleus,396,50340
Hippopotamus amphibius,397,42149
Erythrodiplax umbrata,398,50342
Catharus minimus,399,12883
Storeria occipitomaculata,400,28557
Amaurornis phoenicurus,401,199
Satyrium liparops,402,58541
Callophrys augustinus,403,58543
Dama dama,404,42161
Ischnura elegans,405,61508
Pavo cristatus,406,1204
Axis axis,407,42166
Platynota idaeusalis,408,146797
Celastrina ladon,409,58556
Rallus crepitans,410,367477
Libytheana carinenta,411,58561
Speyeria aphrodite,412,58563
Boloria bellona,413,58564
Nestor meridionalis septentrionalis,414,413489
Capreolus capreolus,415,42184
Pipilo chlorurus,416,9419
Pipilo maculatus,417,9420
Pipilo erythrophthalmus,418,9424
Dorocordulia libera,419,99539
Polygonia progne,420,58580
Nymphalis vaualbum,421,58581
Rangifer tarandus,422,42199
Limenitis archippus,423,58586
Asterocampa clyton,424,58587
Cervus elaphus,425,42206
Anartia jatrophae luteipicta,426,312543
Cairina moschata domestica,427,204094
Phalacrocorax varius,428,4304
Cervus nippon,429,42210
Picoides dorsalis,430,17638
Chlosyne janais,431,132330
Megisto cymela,432,58603
Odocoileus hemionus,433,42220
Picoides nuttallii,434,17645
Cercyonis pegala,435,58606
Odocoileus virginianus,436,42223
Lepisosteus osseus,437,58609
Picoides scalaris,438,17650
Anthanassa texana,439,132339
Carassius auratus,440,58612
Callipepla gambelii,441,1406
Pyrrhula pyrrhula,442,9462
Phalacrocorax brasilianus,443,4308
Picoides pubescens,444,17660
Colinus virginianus,445,1280
Calliostoma ligatum,446,129920
Perca flavescens,447,58627
Hamadryas februa,448,148742
Terrapene ornata ornata,449,39809
Plestiodon skiltonianus skiltonianus,450,115979
Sporophila torqueola,451,9484
Picoides villosus,452,17678
Calidris pusilla,453,3862
Acris blanchardi,454,70421
Phlogophora periculosa,455,124183
Plodia interpunctella,456,124184
Dromogomphus spinosus,457,99609
Dromogomphus spoliatus,458,99610
Picoides arcticus,459,17694
Sympetrum pallipes,460,113521
Aspidoscelis tesselata,461,320801
Aythya marila,462,7047
Phaethon aethereus,463,4317
Littorina littorea,464,81606
Enallagma aspersum,465,99891
Sturnella magna,466,9528
Dythemis fugax,467,99641
Dythemis nigrescens,468,99644
Terrapene carolina triunguis,469,39818
Dythemis velox,470,99647
Chioides albofasciatus,471,148800
Melopsittacus undulatus,472,19339
Diaulula sandiegensis,473,47509
Anaea aidea,474,148810
Capra hircus,475,123070
Aythya affinis,476,7054
Enallagma civile,477,99897
Kobus ellipsiprymnus,478,42328
Aurelia aurita,479,48328
Conchylodes ovulalis,480,132445
Bleptina caradrinalis,481,215271
Scarus rubroviolaceus,482,83297
Rupicapra rupicapra,483,42347
Aythya novaeseelandiae,484,7058
Chaetodon auriga,485,52457
Cyrtonyx montezumae,486,1392
Pelecanus occidentalis,487,4328
Cinclus cinclus,488,7647
Anteos clorinde,489,148856
Chen rossii,490,7060
Nomophila nearctica,491,58750
Callipepla californica,492,1409
Quiscalus quiscula,493,9602
Oncopeltus sexmaculatus,494,296326
Quiscalus mexicanus,495,9607
Euphoria kernii,496,319724
Callipepla squamata,497,1419
Eantis tamenund,498,148883
Ovis canadensis,499,42391
Orthemis discolor,500,107937
Syncerus caffer,501,42405
Bison bison,502,42408
Sceloporus cowlesi,503,116137
Bufo bufo,504,326296
Cydia latiferreana,505,148907
Oreamnos americanus,506,42414
Sceloporus tristichus,507,116143
Enallagma geminatum,508,99912
Pangrapta decoralis,509,226889
Antilocapra americana,510,42429
Dryocopus pileatus,511,17855
Orthetrum sabina,512,107974
Polygonia c-album,513,56225
Rana draytonii,514,67016
Strymon istapa,515,132553
Passerina caerulea,516,73155
Crocodylus moreletii,517,26074
Oligyra orbiculata,518,171903
Crocodylus acutus,519,26085
Homophoberia apicosa,520,143613
Amazilia beryllina,521,5715
Geothlypis trichas,522,9721
Lambdina fiscellaria,523,154446
Lichanura orcutti,524,236841
Trogon melanocephalus,525,20737
Cycloneda sanguinea,526,124431
Deroceras reticulatum,527,124432
Apalone ferox,528,39566
Chlorochlamys chloroleucaria,529,149017
Sylvia communis,530,15281
Anartia fatima fatima,531,312873
Pinicola enucleator,532,9771
Graptemys geographica,533,39858
Alligator mississippiensis,534,26159
Naupactus cervinus,535,304690
Pseudosphinx tetrio,536,124467
Enallagma basidens,537,99892
Enallagma carunculatum,538,99895
Rhinella marina,539,67129
Oxybelis aeneus,540,83515
Campaea perlata,541,81681
Enallagma cyathigerum,542,99901
Enallagma exsulans,543,99911
Coccothraustes vespertinus,544,9800
Coccothraustes coccothraustes,545,9801
Leptoglossus zonatus,546,154551
Vermivora chrysoptera,547,9807
Trichodes ornatus,548,61157
Enallagma signatum,549,99924
Opisthocomus hoazin,550,1626
Setophaga coronata coronata,551,132704
Centruroides vittatus,552,119056
Vanessa annabella,553,50786
Pituophis catenifer sayi,554,60347
Diglossa baritula,555,9833
Scathophaga stercoraria,556,132718
Calopteron reticulatum,557,132719
Dreissena polymorpha,558,116340
Scoliopteryx libatrix,559,134078
Saltator coerulescens,560,9850
Cucumaria miniata,561,117695
Saltator atriceps,562,9854
Urola nivalis,563,132736
Hemidactylus turcicus,564,34435
Sicalis flaveola,565,9864
Aix galericulata,566,7106
Chinavia hilaris,567,485010
Junco hyemalis hyemalis,568,132764
Eupsittula canicularis,569,367558
Microcarbo melanoleucos,570,370351
Argiope bruennichi,571,50867
Trachycephalus typhonius,572,67252
Clepsis peritana,573,132789
Piranga rubra,574,9915
Limenitis lorquini,575,50880
Piranga olivacea,576,9921
Epiaeschna heros,577,100034
Piranga flava,578,9924
Tragelaphus strepsiceros,579,42339
Euphydryas chalcedona,580,50892
Dione moneta,581,130348
Phaulacridium marginale,582,394966
Amphispiza bilineata,583,9943
Larus dominicanus,584,4388
Piaya cayana,585,1758
Hyalophora euryalus,586,50913
Aimophila ruficeps,587,9958
Gambusia affinis,588,59115
Natrix tessellata,589,64346
Pontia protodice,590,59119
Melanerpes lewis,591,18160
Melanerpes uropygialis,592,18161
Strymon melinus,593,50931
Anthocharis sara,594,59124
Lycaena helloides,595,59127
Atlides halesus,596,59128
Eurema daira,597,67324
Passerculus sandwichensis,598,9981
Satyrium sylvinus,599,59134
Schistocerca obscura,600,67327
Pholcus phalangioides,601,67328
Satyrium saepium,602,59138
Microtia elva,603,132867
Melanerpes pucherani,604,18181
Salpinctes obsoletus,605,7486
Paltothemis lineatipes,606,108303
Leptotes marina,607,59152
Catocala ultronia,608,132881
Orthosoma brunneum,609,143662
Plebejus icarioides,610,59164
Melanerpes carolinus,611,18205
Melanerpes chrysogenys,612,18206
Amblyomma americanum,613,83744
Melanerpes formicivorus,614,18209
Caiman crocodilus,615,116517
Phyciodes mylitta,616,59176
Euphydryas editha,617,59182
Myocastor coypus,618,43997
Coenonympha tullia,619,59185
Erynnis propertius,620,59187
Erynnis funeralis,621,59188
Erynnis tristis,622,59189
Heliopetes ericetorum,623,59190
Gekko gecko,624,34615
Trichosurus vulpecula,625,42808
Ochlodes sylvanoides,626,59194
Lerodea eufala,627,59195
Colaptes auratus,628,18236
Basileuterus rufifrons,629,10045
Larus michahellis,630,59202
Ramphocelus passerinii,631,10053
Athene cunicularia,632,19975
Periplaneta americana,633,82231
Gobiesox maeandricus,634,67409
Cipangopaludina chinensis,635,83795
Branta hutchinsii,636,59220
Fringilla montifringilla,637,10069
Fringilla coelebs,638,10070
Megacyllene robiniae,639,83802
Dynastes tityus,640,83804
Cepaea hortensis,641,51039
Menemerus bivittatus,642,68062
Ostracion meleagris,643,47527
Urbanus proteus,644,67435
Junco hyemalis,645,10094
Utetheisa ornatrix,646,67440
Epitheca canis,647,100210
Cuculus canorus,648,1907
Epitheca princeps,649,100215
Taricha granulosa,650,27826
Ammophila procera,651,129147
Junco phaeonotus,652,10111
Oxyopes salticus,653,83844
Tetracis crocallata,654,144107
Papilio zelicaon,655,51097
Ammodramus nelsoni,656,10138
Ammodramus savannarum,657,10139
Ammodramus maritimus,658,10147
Anagrapha falcifera,659,59300
Xylocopa virginica,660,51110
Coccyzus erythropthalmus,661,1960
Didelphis virginiana,662,42652
Heraclides rumiko,663,428606
Callophrys henrici,664,127303
Coccyzus minor,665,1964
Coccyzus americanus,666,1965
Nucifraga columbiana,667,8520
Siphanta acuta,668,116658
Crotophaga sulcirostris,669,1972
Pooecetes gramineus,670,10168
Chlosyne palla,671,53893
Arremonops rufivirgatus,672,10173
Geococcyx californianus,673,1986
Geococcyx velox,674,1987
Tabanus atratus,675,116680
Atteva aurea,676,116681
Spodoptera litura,677,124875
Diadophis punctatus,678,26575
Coereba flaveola,679,10199
Diadophis punctatus edwardsii,680,26591
Neverita duplicata,681,59360
Papilio multicaudata,682,68263
Diadophis punctatus amabilis,683,26598
Phascolarctos cinereus,684,42983
Adelpha californica,685,67560
Passerina ciris,686,10224
Alectura lathami,687,2038
Passerina leclancherii,688,10232
Passerina amoena,689,10234
Icteria virens,690,10243
Crax rubra,691,2052
Argia immunda,692,94551
Penelope purpurascens,693,2062
Copsychus malabaricus,694,204490
Paroaria capitata,695,10257
Procambarus clarkii,696,51221
Cyanerpes cyaneus,697,10262
Microcarbo melanoleucos brevirostris,698,508249
Sphyrapicus thyroideus,699,18460
Pheucticus ludovicianus,700,10271
Sphyrapicus ruber,701,18464
Pheucticus melanocephalus,702,10274
Sphyrapicus nuchalis,703,18467
Erythrodiplax berenice,704,100391
Ortalis poliocephala,705,2089
Ortalis vetula,706,2090
Corvus albus,707,8038
Oligocottus maculosus,708,67629
Mniotilta varia,709,10286
Volatinia jacarina,710,10288
Erythrodiplax minuscula,711,100403
Amorpha juglandis,712,84023
Galasa nigrinodis,713,84024
Thraupis palmarum,714,10297
Pantherophis spiloides,715,67642
Phoebis agarithe,716,67653
Haploa lecontei,717,84038
Scaphiopus holbrookii,718,26695
Chauliognathus marginatus,719,84040
Pentatoma rufipes,720,51275
Momotus mexicanus,721,2124
Spea hammondii,722,26702
Euphagus cyanocephalus,723,10325
Sylvilagus palustris,724,43102
Lutjanus griseus,725,49509
Cacatua galerita,726,116834
Junco hyemalis oreganus,727,127188
Ambystoma jeffersonianum,728,26725
Sylvilagus floridanus,729,43111
Sylvilagus bachmani,730,43112
Lophocampa maculata,731,67691
Urbanus dorantes,732,51311
Caracolus caracolla,733,67700
Lepus europaeus,734,43128
Ambystoma texanum,735,26745
Argiope argentata,736,67706
Ambystoma gracile,737,26747
Argiope trifasciata,738,67708
Ambystoma tigrinum,739,26749
Pluvialis fulva,740,4896
Molothrus aeneus,741,10369
Ambystoma macrodactylum,742,26754
Molothrus ater,743,10373
Merops pusillus,744,2185
Pisaurina mira,745,84109
Aeshna palmata,746,67726
Merops apiaster,747,2191
Anax junius,748,67731
Satyrium titus,749,198804
Pyrgus communis,750,51349
Pteroglossus torquatus,751,18584
Rhionaeschna multicolor,752,67737
Lethe anthedon,753,198812
Melanchroia chephise,754,321697
Pieris oleracea,755,198821
Ambystoma maculatum,756,26790
Loxia curvirostra,757,10411
Melitaea didyma,758,133295
Popillia japonica,759,67760
Ochotona princeps,760,43188
Merops orientalis,761,2229
Loxia leucoptera,762,10423
Leptoglossus occidentalis,763,67771
Chrysochus auratus,764,84162
Dicamptodon tenebrosus,765,26822
Dicamptodon ensatus,766,26823
Megalops atlanticus,767,51402
Aeshna interrupta,768,67725
Vanessa gonerilla gonerilla,769,411858
Drymobius margaritiferus,770,26835
Megalopyge opercularis,771,84185
Coracias garrulus,772,2266
Lethe eurydice,773,141531
Coracias caudatus,774,2269
Melittia cucurbitae,775,133346
Coracias benghalensis,776,2275
Pontania californica,777,84196
Xanthocephalus xanthocephalus,778,10470
Chondestes grammacus,779,10479
Pituophis catenifer catenifer,780,51440
Pieris napi,781,54087
Phragmatopoma californica,782,59635
Dolichonyx oryzivorus,783,10487
Danaus chrysippus,784,67835
Pantherophis alleghaniensis,785,59644
Pantherophis bairdi,786,59646
Pandion haliaetus,787,116999
Phainopepla nitens,788,117002
Tyrannus couchii,789,16770
Callophrys gryneus,790,84239
Leucorrhinia proxima,791,104553
Phylloscopus collybita,792,117016
Gasteracantha cancriformis,793,49540
Pyrrharctia isabella,794,59675
Neotibicen superbus,795,469277
Circus cyaneus hudsonius,796,236973
Porpita porpita,797,59683
Contia tenuis,798,26916
Trimerotropis pallidipennis,799,51493
Anthocharis cardamines,800,51495
Phoebis philea,801,133416
Grallina cyanoleuca,802,8583
Prionoplus reticularis,803,395569
Velella velella,804,59698
Lygaeus turcicus,805,141626
Diapheromera femorata,806,84286
Plectrophenax nivalis,807,117059
Crambus agitatellus,808,133447
Climaciella brunnea,809,133448
Leptotes cassius,810,51534
Eutrapela clemataria,811,205197
Ascia monuste,812,51536
Calamospiza melanocorys,813,10585
Scutigera coleoptrata,814,49552
Sympetrum illotum,815,51555
Bombylius major,816,51557
Regulus calendula,817,117095
Regulus ignicapilla,818,117097
Regulus regulus,819,117099
Regulus satrapa,820,117100
Eudryas grata,821,84333
Bradybaena similaris,822,215409
Tyrannus melancholicus,823,16787
Tamias dorsalis,824,46225
Pachydiplax longipennis,825,59774
Perithemis tenera,826,59776
Argia fumipennis violacea,827,119014
Pelecanus conspicillatus,828,4326
Aulacorhynchus prasinus,829,18833
Ateles geoffroyi,830,43411
Nezara viridula,831,141725
Eurema hecabe,832,51614
Crepidula fornicata,833,125343
Todiramphus sanctus,834,2464
Cebus capucinus,835,43432
Alouatta palliata,836,43436
Alouatta pigra,837,43439
Icterus bullockii,838,9357
Phyllopalpus pulchellus,839,84403
Spiza americana,840,10676
Tyrannus dominicensis,841,16798
Biblis hyperia,842,141752
Chlidonias niger,843,4512
Macaca mulatta,844,43460
Junonia almana,845,51654
Anthopleura xanthogrammica,846,51659
Drepana arcuata,847,84428
Oriturus superciliosus,848,10702
Psarocolius montezuma,849,68047
Turdus pilaris,850,12707
Nicrophorus orbicollis,851,84437
Platyprepia virginalis,852,84438
Notiomystis cincta,853,117209
Hypsopygia olinalis,854,343393
Eurycea longicauda,855,27101
Sagittarius serpentarius,856,117214
Psittacula krameri,857,18911
Verrucosa arenata,858,117218
Dasymutilla occidentalis,859,117221
Ctenosaura similis,860,35303
Platycercus eximius,861,18920
Protonotaria citrea,862,10729
Ctenosaura pectinata,863,35306
Platycnemis pennipes,864,109650
Eurycea bislineata,865,27120
Eurycea lucifuga,866,27123
Coccinella septempunctata,867,51702
Megaceryle torquata,868,2552
Zanclognatha jacchusalis,869,133625
Nestor meridionalis,870,18943
Calopteryx maculata,871,84481
Sauromalus ater,872,35330
Coluber constrictor priapus,873,27140
Polistes chinensis,874,199179
Mopalia lignosa,875,51724
Coluber constrictor constrictor,876,27149
Iguana iguana,877,35342
Coluber constrictor flaviventris,878,27153
Amblyrhynchus cristatus,879,35347
Ursus arctos horribilis,880,125461
Lygus lineolaris,881,84507
Dipsosaurus dorsalis,882,35356
Danaus gilippus,883,51743
Amazona viridigenalis,884,18976
Plusiodonta compressipalpis,885,125475
Danaus gilippus thersippus,886,51748
Chlorocebus pygerythrus,887,68137
Coenobita clypeatus,888,133675
Buprestis aurulenta,889,215596
Oecophylla smaragdina,890,117293
Prenolepis imparis,891,68142
Plethodon glutinosus,892,27184
Plethodon cinereus,893,27186
Amazona albifrons,894,18995
Poanes melane,895,51765
Amazona oratrix,896,18998
Rhynchonycteris naso,897,41396
Plethodon vehiculum,898,27194
Nathalis iole,899,51773
Saxicola rubetra,900,12908
Linepithema humile,901,68165
Brachygastra mellifica,902,154721
Xanthocnemis zealandica,903,338504
Melangyna novaezelandiae,904,338505
Eurycea cirrigera,905,27093
Lithobates berlandieri,906,65975
Ara militaris,907,19020
Spizelloides arborea,908,474210
Pantographa limata,909,205240
Plethodon albagula,910,27226
Coreus marginatus,911,318545
Ceryle rudis,912,2662
Perithemis intensa,913,109161
Calopteryx splendens,914,51824
Ensatina eschscholtzii,915,27250
Chloroceryle aenea,916,2676
Chloroceryle amazona,917,2679
Zale lunata,918,84602
Leptoglossus oppositus,919,133756
Zootoca vivipara,920,35453
Polyphylla decemlineata,921,84612
Eumenes fraternus,922,133765
Brachymesia gravida,923,68230
Mola mola,924,49601
Papilio palamedes,925,68232
Orthemis ferruginea,926,68233
Parnassius clodius,927,68239
Chlosyne lacinia,928,68240
Euptoieta claudia,929,68244
Dymasia dymas,930,68249
Limenitis weidemeyerii,931,68251
Chalybion californicum,932,133790
Phalangium opilio,933,84644
Polygonia faunus,934,68262
Xenox tigrinus,935,133799
Asterocampa celtis,936,68264
Anacridium aegyptium,937,132892
Euptoieta hegesia,938,68268
Aglais milberti,939,68269
Loxodonta africana,940,43694
Apodemia mormo,941,59165
Phyciodes phaon,942,68274
Battus polydamas,943,68275
Celastrina lucia,944,84662
Myiozetetes similis,945,16842
Zelus longipes,946,133826
Toxostoma curvirostre,947,14912
Pacifastacus leniusculus,948,53708
Sphinx kalmiae,949,117452
Megisto rubricata,950,182997
Lithacodia musta,951,223965
Kelletia kelletii,952,125663
Rumina decollata,953,125669
Oxythyrea funesta,954,68328
Dactylotum bicolor,955,179324
Arctia caja,956,68330
Megaceryle alcyon,957,2548
Thasus neocalifornicus,958,207600
Palpita quadristigmalis,959,207601
Sphecius speciosus,960,51954
Prolimacodes badia,961,207603
Eremophila alpestris,962,7294
Alisterus scapularis,963,19196
Cinnyris jugularis,964,145194
Desmognathus ochrophaeus,965,27390
Polistes apachus,966,207615
Tremex columba,967,63275
Orgyia antiqua,968,61910
Orgyia postica,969,199438
Castor canadensis,970,43794
Arion rufus,971,84755
Daphnis nerii,972,51996
Drymarchon melanurus erebennus,973,194075
Mermiria bivittata,974,133923
Leptinotarsa decemlineata,975,84778
Xiphorhynchus flavigaster,976,11051
Cervus elaphus roosevelti,977,121992
Batrachoseps attenuatus,978,27459
Acanalonia conica,979,84806
Spoladea recurvalis,980,52043
Batrachoseps major,981,27468
Lomographa vestaliata,982,133966
Batrachoseps nigriventris,983,27474
Gambusia holbrooki,984,101204
Crocothemis servilia,985,52055
Jacana jacana,986,4580
Callophrys dumetorum,987,346970
Pseudotriton ruber,988,27486
Atalopedes campestris,989,52075
Gyrinophilus porphyriticus,990,27500
Phalaropus fulicarius,991,73203
Limacus flavus,992,322417
Gopherus berlandieri,993,40083
Papilio demodocus,994,68469
Streptopelia turtur,995,2938
Mopalia muscosa,996,117633
Nucella lamellosa,997,117641
Thasus gigas,998,322443
Hemidactylus mabouia,999,68492
Pica hudsonia,1000,143853
Corvus cornix,1001,144757
Mytilus edulis,1002,117650
Myiopsitta monachus,1003,19349
Streptopelia decaocto,1004,2969
Piranga ludoviciana,1005,9919
Ixobrychus exilis,1006,5009
Pleuroncodes planipes,1007,117666
Auriparus flaviceps,1008,7603
Ligia occidentalis,1009,117674
Geothlypis tolmiei,1010,145223
Lithobates sphenocephalus,1011,60341
Thamnophis proximus,1012,60342
Dermacentor variabilis,1013,52155
Scincella lateralis,1014,60349
Schistocerca nitens,1015,52158
Dendraster excentricus,1016,117696
Tetracha carolina,1017,232391
Columba livia,1018,3017
Setophaga citrina,1019,145229
Alypia octomaculata,1020,84950
Rhincodon typus,1021,52188
Polydrusus formosus,1022,494559
Setophaga cerulea,1023,145232
Columba palumbus,1024,3048
Piranga bidentata,1025,9922
Erethizon dorsatum,1026,44026
Manduca sexta,1027,61505
Acanthocephala declivis,1028,84994
Hemidactylium scutatum,1029,27652
Cervus elaphus nannodes,1030,117767
Hermissenda opalescens,1031,494603
Terrapene carolina bauri,1032,39819
Patagioenas leucocephala,1033,3093
Aidemona azteca,1034,205316
Caracolus marginella,1035,216093
Thomomys bottae,1036,44062
Heraclides cresphontes,1037,85024
Patagioenas fasciata,1038,3108
Anageshna primordialis,1039,213510
Crocothemis erythraea,1040,85030
Neoscona crucifera,1041,85034
Patagioenas flavirostris,1042,3117
Synchlora frondaria,1043,207924
Lacerta bilineata,1044,35900
Osteopilus septentrionalis,1045,24382
Setophaga discolor,1046,145249
Triakis semifasciata,1047,52297
Salamandra salamandra,1048,27726
Bogertophis subocularis,1049,27727
Cycnia tenera,1050,143043
Diodon hystrix,1051,52313
Schinia florida,1052,143316
Graphosoma lineatum,1053,61968
Lissachatina fulica,1054,502885
Crotalus cerastes cerastes,1055,71029
Aglais io,1056,207977
Chordeiles minor,1057,19577
Acropora palmata,1058,93312
Ambystoma laterale,1059,52354
Chordeiles acutipennis,1060,19587
Limenitis arthemis astyanax,1061,58585
Gastrophryne olivacea,1062,134277
Papilio glaucus,1063,60551
Platalea leucorodia,1064,3731
Thyris sepulchralis,1065,232593
Phalaenoptilus nuttallii,1066,19609
Haploa clymene,1067,126106
Notophthalmus viridescens,1068,27805
Haemorhous mexicanus,1069,199840
Haemorhous purpureus,1070,199841
Eudryas unio,1071,219719
Taricha torosa,1072,27818
Nyctidromus albicollis,1073,19627
Salvadora grahamiae lineata,1074,28750
Taricha rivularis,1075,27824
Toxomerus politus,1076,146632
Cetonia aurata,1077,52402
Campephilus guatemalensis,1078,18291
Ixodes scapularis,1079,60598
Pyralis farinalis,1080,199870
Limenitis arthemis,1081,60607
Plagodis phlogosaria,1082,205241
Toxostoma rufum,1083,14898
Amphion floridensis,1084,126153
Vespula germanica,1085,126155
Morone saxatilis,1086,51392
Leptotila verreauxi,1087,3280
Nyctibius jamaicensis,1088,19670
Anas penelope,1089,6929
Chromagrion conditum,1090,97738
Rhinecanthus rectangulus,1091,52449
Naso lituratus,1092,52451
Papilio machaon,1093,56529
Buteo plagiatus,1094,199913
Selasphorus calliope,1095,199914
Hemideina crassidens,1096,85227
Cophosaurus texanus,1097,36076
Cophosaurus texanus texanus,1098,36077
Palpita magniferalis,1099,208112
Deinacrida rugosa,1100,85235
Aeshna constricta,1101,93429
Callisaurus draconoides rhodostictus,1102,36086
Synchlora aerata,1103,126204
Aeshna mixta,1104,93437
Schizura unicornis,1105,126207
Metcalfa pruinosa,1106,126209
Poecilocapsus lineatus,1107,126211
Uta stansburiana elegans,1108,36100
Hemigrapsus nudus,1109,48342
Strategus aloeus,1110,199942
Monobia quadridens,1111,126215
Gomphaeschna furcillata,1112,101640
Pyrausta orphisalis,1113,126217
Urosaurus ornatus,1114,36107
Hemidactylus frenatus,1115,51940
Urosaurus graciosus,1116,36121
Megascops kennicottii,1117,19743
Salticus scenicus,1118,68901
Microtus californicus,1119,44326
Pieris marginalis,1120,82481
Porphyrio poliocephalus,1121,474332
Rivula propinqualis,1122,81674
Mastigoproctus giganteus,1123,126252
Sceloporus undulatus,1124,36142
Libellula needhami,1125,68911
Dysdera crocata,1126,68912
Macropus giganteus,1127,42888
Megascops asio,1128,19765
Poecilanthrax lucifer,1129,68918
Pantherophis obsoletus lindheimeri,1130,333705
Coleomegilla maculata,1131,126267
Gomphus vastus,1132,101693
Hemideina thoracica,1133,85221
Agrotis ipsilon,1134,126276
Eurosta solidaginis,1135,85317
Sceloporus spinosus,1136,36169
Hermeuptychia sosybius,1137,60752
Pyromorpha dimidiata,1138,60754
Prosapia bicincta,1139,126291
Anthopleura elegantissima,1140,52564
Prionoxystus robiniae,1141,126293
Pseudacris hypochondriaca,1142,120719
Sceloporus poinsettii,1143,36189
Uroctonus mordax,1144,52576
Sceloporus orcutti,1145,36198
Pantala hymenaea,1146,52584
Peromyscus leucopus,1147,44395
Sceloporus occidentalis,1148,36204
Coenonympha pamphilus,1149,52589
Zenaida auriculata,1150,3439
Sceloporus occidentalis bocourtii,1151,36208
Hymenolaimus malacorhynchos,1152,72936
Sphex ichneumoneus,1153,85362
Sceloporus merriami,1154,36217
Liometopum occidentale,1155,68993
Setophaga caerulescens,1156,199916
Cicindela oregona,1157,52620
Sceloporus jarrovii,1158,36243
Araneus diadematus,1159,52628
Otospermophilus beecheyi,1160,180007
Erythemis collocata,1161,85408
Sceloporus grammicus,1162,36262
Spilosoma virginica,1163,60839
Camptostoma imberbe,1164,16968
Caracara plancus,1165,4715
Olla v-nigrum,1166,313246
Stomolophus meleagris,1167,126393
Halysidota harrisii,1168,126397
Bipalium kewense,1169,64221
Virginia striatula,1170,28102
Planorbella trivolvis,1171,150985
Phrynosoma modestum,1172,36306
Phrynosoma orbiculare,1173,36307
Plagiometriona clavata,1174,199929
Columbina passerina,1175,3545
Phrynosoma hernandesi,1176,36315
Eupsittula nana,1177,367556
Lampropeltis multifasciata,1178,371963
Holbrookia propinqua,1179,36339
Uta stansburiana,1180,36094
Holbrookia maculata,1181,36343
Megaphasma denticrus,1182,52766
Nestor notabilis,1183,18941
Columbina talpacoti,1184,3580
Caranx melampygus,1185,123690
Episyrphus balteatus,1186,52482
Rhinocheilus lecontei,1187,28762
Geopelia striata,1188,3607
Celastrina echo,1189,52484
Thaumetopoea pityocampa,1190,61293
Athene noctua,1191,19998
Rattus rattus,1192,44575
Rattus norvegicus,1193,44576
Tettigonia viridissima,1194,133250
Bombus fervidus,1195,52774
Nephila clavipes,1196,49756
Bombus bimaculatus,1197,52779
Melissodes bimaculata,1198,52782
Larinioides cornutus,1199,126513
Hemigrapsus oregonensis,1200,69170
Crotophaga ani,1201,1971
Sialia sialis,1202,12942
Toxomerus geminatus,1203,126532
Chauliognathus pensylvanicus,1204,216649
Platalea alba,1205,3734
Chelinidea vittiger,1206,216651
Bubo virginianus,1207,20044
Petrochelidon fulva,1208,11855
Arizona elegans,1209,28246
Melipotis indomita,1210,224855
Progne subis,1211,11867
Setophaga coronata auduboni,1212,126562
Manduca rustica,1213,126568
Hirundo neoxena,1214,11882
Hirundo rustica,1215,11901
Tramea lacerata,1216,52865
Simyra insularis,1217,142978
Notophthalmus viridescens viridescens,1218,123499
Calidris virgata,1219,339592
Calidris pugnax,1220,339593
Microtus pennsylvanicus,1221,44311
Lerema accius,1222,142988
Autographa precationis,1223,142990
Hymenia perspectalis,1224,142995
Zelus luridus,1225,129423
Platalea regia,1226,3733
Cerithideopsis californica,1227,470678
Elaphria grata,1228,146713
Orthonama obstipata,1229,143002
Tachycineta thalassina,1230,11931
Costaconvexa centrostrigaria,1231,143005
Bostrychia hagedash,1232,3743
Ectropis crepuscularia,1233,143009
Anolis carolinensis,1234,36514
Zanclognatha pedipilalis,1235,143012
Riparia riparia,1236,11941
Palthis asopialis,1237,52902
Eudocimus albus,1238,3751
Chytonix palliatricula,1239,52906
Plegadis falcinellus,1240,3756
Plegadis chihi,1241,3759
Eusarca confusaria,1242,143024
Orthetrum cancellatum,1243,62067
Thamnophis sauritus,1244,28340
Thamnophis cyrtopsis,1245,28345
Hippodamia variegata,1246,143034
Thamnophis cyrtopsis ocellatus,1247,28347
Phyciodes tharos,1248,52925
Corvus corax,1249,8010
Stelgidopteryx serripennis,1250,11970
Thamnophis sirtalis,1251,28362
Sula dactylatra,1252,3788
Neotoma fuscipes,1253,44749
Trichodezia albovittata,1254,52943
Sula sula,1255,3793
Gomphus exilis,1256,101667
Sula leucogaster,1257,3797
Macaria aemulataria,1258,118486
Morus serrator,1259,3801
Thamnophis radix,1260,28378
Helicoverpa zea,1261,118492
Asterocampa leilia,1262,148793
Thamnophis proximus rubrilineatus,1263,28384
Phocides polybius,1264,257761
Thamnophis proximus orarius,1265,28387
Thamnophis marcianus,1266,28390
Darapsa myron,1267,118503
Eudyptula minor,1268,3817
Uma scoparia,1269,36135
Thamnophis hammondii,1270,28396
Thamnophis elegans elegans,1271,28400
Hypena scabra,1272,118513
Thamnophis elegans vagrans,1273,28403
Chalcoela iphitalis,1274,201342
Megadyptes antipodes,1275,3831
Corydalus cornutus,1276,126712
Agkistrodon piscivorus leucostoma,1277,30676
Scopus umbretta,1278,3834
Anicla infecta,1279,213631
Pleuroprucha insulsaria,1280,143105
Thamnophis atratus,1281,28418
Parallelia bistriaris,1282,118531
Troglodytes troglodytes,1283,145363
Calidris canutus,1284,3845
Lanius collurio,1285,12038
Phragmatobia fuliginosa,1286,143114
Calidris bairdii,1287,3851
Meleagris gallopavo intermedia,1288,324226
Pseudeustrotia carneola,1289,143118
Calidris mauri,1290,3855
Calidris maritima,1291,3856
Calidris alpina,1292,3857
Parapediasia teterrella,1293,143124
Hypena madefactalis,1294,143125
Calidris ferruginea,1295,3863
Felis catus,1296,118552
Calidris melanotos,1297,3865
Limnodromus griseus,1298,3869
Manduca quinquemaculata,1299,118558
Tetraopes tetrophthalmus,1300,118559
Malurus cyaneus,1301,12065
Tringa nebularia,1302,3878
Gomphus militaris,1303,101681
Todiramphus sanctus vagans,1304,413483
Tringa ochropus,1305,3885
Tringa glareola,1306,3888
Vulpes vulpes fulvus,1307,126770
Tringa melanoleuca,1308,3892
Tringa flavipes,1309,3893
Cervus elaphus nelsoni,1310,126775
Numenius arquata,1311,3896
Peucetia viridans,1312,126777
Numenius phaeopus,1313,3901
Elgaria multicarinata webbii,1314,32058
Phalacrocorax carbo novaehollandiae,1315,413506
Petroica macrocephala macrocephala,1316,413508
Petroica australis longipes,1317,413512
Junonia evarete,1318,61258
Tantilla nigriceps,1319,28493
Prosthemadera novaeseelandiae novaeseelandiae,1320,413522
Polites themistocles,1321,58506
Tantilla gracilis,1322,28505
Asio flammeus,1323,20315
Schinia arcigera,1324,143196
Rhipidura fuliginosa fuliginosa,1325,413533
Scolopax minor,1326,3936
Arenaria interpres,1327,3938
Arenaria melanocephala,1328,3941
Rhipidura fuliginosa placabilis,1329,413543
Limosa limosa,1330,3947
Limosa haemastica,1331,3950
Austrolestes colensonis,1332,126269
Limosa fedoa,1333,3954
Pedicia albivitta,1334,199998
Phalaropus lobatus,1335,3959
Bartramia longicauda,1336,3962
Callopistria mollissima,1337,199999
Lestes disjunctus,1338,104426
Delphinia picta,1339,126848
Limosa lapponica,1340,3951
Aegolius acadicus,1341,20356
Polistes carolina,1342,121792
Actitis hypoleucos,1343,3978
Cyprinus carpio,1344,53911
Bufotes balearicus,1345,135055
Trichoglossus haematodus,1346,19121
Storeria dekayi,1347,28562
Storeria dekayi texana,1348,28563
Surnia ulula,1349,20372
Bufotes viridis,1350,135064
Storeria dekayi dekayi,1351,28570
Narceus americanus,1352,61341
Polioptila caerulea,1353,7493
Natrix natrix,1354,29339
Spizella passerina,1355,9135
Toxomerus marginatus,1356,126889
Gluphisia septentrionis,1357,143274
Anguis fragilis,1358,343021
Pycnonotus jocosus,1359,14591
Passerina cyanea,1360,10227
Passerina versicolor,1361,10228
Panulirus interruptus,1362,61371
Colias croceus,1363,143294
Ichthyosaura alpestris,1364,135104
Phryganidia californica,1365,83958
Megapallifera mutabilis,1366,143302
Manorina melanocephala,1367,12231
Coluber constrictor mormon,1368,200661
Ocyphaps lophotes,1369,3681
Jabiru mycteria,1370,4773
Taricha sierrae,1371,135140
Sonora semiannulata,1372,28649
Boisea rubrolineata,1373,53226
Boisea trivittata,1374,53227
Pycnonotus cafer,1375,14593
Arion subfuscus,1376,61428
Anser cygnoides domesticus,1377,333822
Ursus arctos,1378,41641
Plebejus lupini,1379,56602
Grapsus grapsus,1380,55295
Sceloporus cyanogenys,1381,36181
Phoca vitulina,1382,41708
Desmia funeralis,1383,118788
Acanthocephala terminalis,1384,61445
Crotalus triseriatus,1385,30721
Callospermophilus lateralis,1386,180010
Ocypode quadrata,1387,53875
Picus viridis,1388,18358
Oxidus gracilis,1389,143390
Ochlodes agricola,1390,55785
Phoebastria nigripes,1391,4141
Struthio camelus,1392,20526
Boa constrictor,1393,32093
Phoebastria immutabilis,1394,4144
Hydrochoerus hydrochaeris,1395,74442
Chrysopilus thoracicus,1396,61492
Erythemis simplicicollis,1397,61495
Eriophora pustulosa,1398,389177
Ascalapha odorata,1399,61503
Calosoma scrutator,1400,118855
Adelges tsugae,1401,61513
Salvadora grahamiae,1402,28749
Ceratomia catalpae,1403,143440
Helix pomatia,1404,61523
Fulmarus glacialis,1405,4180
Pachysphinx modesta,1406,143445
Vespula squamosa,1407,233560
Marpesia chiron,1408,126308
Calopteryx virgo,1409,61536
Francolinus pondicerianus,1410,685
Psychomorpha epimenis,1411,60774
Amphibolips confluenta,1412,135271
Schistocerca americana,1413,69736
Xylophanes tersa,1414,69737
Cynanthus latirostris,1415,6141
Podiceps nigricollis,1416,4205
Wallengrenia otho,1417,69743
Podiceps cristatus,1418,4208
Podiceps auritus,1419,4209
Hyles gallii,1420,118901
Dendrocopos major,1421,17871
Blepharomastix ranalis,1422,143484
Podiceps grisegena,1423,4224
Sphenodon punctatus,1424,200834
Urocitellus beldingi,1425,179995
Apatura ilia,1426,322024
Peromyscus maniculatus,1427,44396
Tachybaptus ruficollis,1428,4237
Spodoptera ornithogalli,1429,118930
Euplagia quadripunctaria,1430,118936
Charadrius montanus,1431,4804
Hyphantria cunea,1432,127133
Prochoerodes lineola,1433,143518
Pararge aegeria,1434,52592
Sceloporus torquatus,1435,36149
Pterophylla camellifolia,1436,118951
Phalacrocorax auritus,1437,4265
Phalacrocorax carbo,1438,4270
Neomonachus schauinslandi,1439,446640
Conocephalus brevipennis,1440,118961
Regina septemvittata,1441,28850
Phalacrocorax penicillatus,1442,4277
Aechmophorus clarkii,1443,4234
Psyllobora vigintimaculata,1444,118967
Allograpta obliqua,1445,118968
Bombus impatiens,1446,118970
Anaxyrus americanus americanus,1447,123594
Cyanea capillata,1448,69838
Anthocharis midea,1449,69844
Junonia coenia,1450,48505
Diaphania hyalinata,1451,151769
Peridea angulosa,1452,151770
Leucauge venusta,1453,53467
Ctenucha virginica,1454,119013
Pelecanus onocrotalus,1455,4327
Spragueia leo,1456,143592
Diaethria anna,1457,200938
Pelecanus erythrorhynchos,1458,4334
Atta texana,1459,151794
Zenaida macroura,1460,3454
Vanellus miles,1461,4872
Larus occidentalis,1462,4345
Besma quercivoraria,1463,143610
Trogon massena,1464,20733
Udea rubigalis,1465,143615
Larus thayeri,1466,4352
Larus heermanni,1467,4353
Larus livens,1468,4354
Larus canus,1469,4356
Habrosyne scripta,1470,220826
Larus glaucoides,1471,4361
Larus delawarensis,1472,4364
Hetaerina titia,1473,102672
Trogon collaris,1474,20754
Acronicta fallax,1475,479512
Zenaida asiatica,1476,3460
Idia lubricalis,1477,119066
Apodemia virgulti,1478,119068
Larus fuscus,1479,4381
Larus californicus,1480,4385
Oncorhynchus nerka,1481,69922
Prosthemadera novaeseelandiae,1482,12580
Clinocardium nuttallii,1483,69925
Trogon elegans,1484,20781
Larus glaucescens,1485,4399
Archilestes grandis,1486,94513
Eremnophila aureonotata,1487,119090
Trogon citreolus,1488,20787
Hemiargus ceraunus,1489,69940
Lucanus cervus,1490,61749
Cepphus columba,1491,4415
Himantopus leucocephalus,1492,4832
Cepphus grylle,1493,4418
Anthornis melanura,1494,12612
Ellychnia corrusca,1495,125627
Leptoptilos crumenifer,1496,201031
Threskiornis moluccus,1497,201032
Lucanus capreolus,1498,60812
Thraupis episcopus,1499,10295
Equus caballus,1500,209233
Araneus trifolium,1501,119122
Geranoaetus albicaudatus,1502,201043
Ochlodes sylvanus,1503,61781
Vanessa atalanta,1504,49133
Argia lugens,1505,94556
Argia moesta,1506,94557
Forficula auricularia,1507,61524
Sterna paradisaea,1508,4449
Sterna hirundo,1509,4450
Nyctemera annulata,1510,348515
Progomphus obscurus,1511,110625
Argia plana,1512,94566
Sterna forsteri,1513,4457
Argia sedula,1514,94571
Olivella biplicata,1515,61804
Lanius excubitor,1516,204532
Pituophis deppei,1517,29038
Choristoneura rosaceana,1518,143728
Argia translata,1519,94577
Dione juno,1520,130451
Pituophis catenifer,1521,29044
Ilyanassa obsoleta,1522,70005
Eupithecia miserulata,1523,143734
Pharomachrus mocinno,1524,20856
Pituophis catenifer deserticola,1525,29049
Pituophis catenifer affinis,1526,29052
Pituophis catenifer annectens,1527,29053
Sterna striata,1528,4478
Dolomedes minor,1529,407459
Stercorarius parasiticus,1530,4489
Stercorarius pomarinus,1531,4491
Anas gracilis,1532,6969
Rissa tridactyla,1533,4494
Rynchops niger,1534,4496
Alca torda,1535,4501
Fratercula arctica,1536,4504
Fratercula cirrhata,1537,4509
Scaphiopus hurterii,1538,26693
Arigomphus submedianus,1539,94624
Arigomphus villosipes,1540,94625
Pseudacris sierra,1541,120720
Agrilus planipennis,1542,70057
Grammia virgo,1543,127402
Trachemys scripta elegans,1544,51271
Turdus merula,1545,12716
Turdus plumbeus,1546,12718
Turdus grayi,1547,12720
Metacarcinus magister,1548,63697
Turdus migratorius,1549,12727
Spea multiplicata,1550,26698
Turdus viscivorus,1551,12735
Spea bombifrons,1552,26699
Emmelina monodactyla,1553,127431
Cerorhinca monocerata,1554,4553
Turdus philomelos,1555,12748
Zale horrida,1556,233933
Galbula ruficauda,1557,1468
Pseudoleon superbus,1558,111055
Orgyia vetusta,1559,61908
Procavia capensis,1560,43086
Eumorpha vitis,1561,143830
Leptysma marginicollis,1562,67663
Idia americalis,1563,127457
Jacana spinosa,1564,4578
Idia aemula,1565,127460
Saxicola rubicola,1566,201192
Upupa epops,1567,20969
Aspidoscelis marmorata,1568,94699
Euphagus carolinus,1569,10322
Uca pugilator,1570,53743
Leptoglossus phyllopus,1571,61256
Coluber flagellum piceus,1572,29438
Lottia gigantea,1573,53750
Odocoileus hemionus hemionus,1574,143865
Protoboarmia porcelaria,1575,143867
Cenopis reticulatana,1576,209405
Nymphalis californica,1577,49920
Scolopendra polymorpha,1578,53762
Megalographa biloba,1579,127492
Limax maximus,1580,62470
Gavia pacifica,1581,4621
Mimus gilvus,1582,14884
Opheodrys aestivus,1583,29200
Passer italiae,1584,201233
Gavia immer,1585,4626
Gavia stellata,1586,4627
Oenanthe oenanthe,1587,12822
Fregata magnificens,1588,4631
Fregata minor,1589,4636
Hypolimnas bolina,1590,70174
Falco subbuteo,1591,4643
Falco mexicanus,1592,4644
Falco femoralis,1593,4645
Falco peregrinus,1594,4647
Amphipyra pyramidoides,1595,119340
Steatoda grossa,1596,61997
Ischnura ramburii,1597,70191
Phidippus audax,1598,53809
Frontinella communis,1599,143213
Falco rufigularis,1600,4664
Falco sparverius,1601,4665
Strix varia,1602,19893
Falco columbarius,1603,4672
Phyllodesma americana,1604,201281
Gallinula chloropus,1605,201282
Bagrada hilaris,1606,152131
Cardellina pusilla,1607,145276
Catharus ustulatus,1608,12878
Falco novaeseelandiae,1609,4690
Brephidium exilis,1610,53843
Sceloporus clarkii,1611,36281
Catharus guttatus,1612,12890
Lygaeus kalmii,1613,62045
Dasypus novemcinctus,1614,47075
Catharus fuscescens,1615,12901
Caracara cheriway,1616,4714
Erythemis plebeja,1617,53867
Palomena prasina,1618,62060
Ocypus olens,1619,53869
Herpetotheres cachinnans,1620,4719
Calcarius lapponicus,1621,116840
Milvago chimachima,1622,4726
Nerodia taxispilota,1623,29304
Nerodia sipedon,1624,29305
Nerodia sipedon sipedon,1625,29306
Myodocha serripes,1626,142783
Ciconia ciconia,1627,4733
Nerodia rhombifer,1628,29310
Lithacodes fasciola,1629,201343
Dendrobates auratus,1630,21121
Epirrhoe alternata,1631,127618
Sylvilagus audubonii,1632,43115
Nerodia fasciata,1633,29317
Mycteria americana,1634,4742
Stenopelmatus fuscus,1635,53895
Mycteria ibis,1636,4744
Sialia mexicana,1637,12937
Nerodia fasciata confluens,1638,29322
Nerodia clarkii clarkii,1639,29324
Nerodia cyclopion,1640,29327
Nerodia erythrogaster,1641,29328
Mantis religiosa,1642,53905
Ephippiorhynchus senegalensis,1643,4754
Plecia nearctica,1644,127635
Cathartes aura,1645,4756
Nerodia erythrogaster flavigaster,1646,29334
Myadestes townsendi,1647,12951
Cathartes burrovianus,1648,4761
Sarcoramphus papa,1649,4763
Coragyps atratus,1650,4765
Strix nebulosa,1651,19890
Ambystoma opacum,1652,26736
Pelophylax perezi,1653,66331
Anastomus lamelligerus,1654,4776
Pluvialis squatarola,1655,4892
Gymnogyps californianus,1656,4778
Muscicapa striata,1657,12971
Glaucopsyche lygdamus,1658,56776
Jadera haematoloma,1659,127669
Charadrius vociferus,1660,4793
Scantius aegyptius,1661,209594
Charadrius wilsonia,1662,4795
Cepaea nemoralis,1663,48586
Charadrius melodus,1664,4798
Phoenicurus phoenicurus,1665,12992
Ondatra zibethicus,1666,45763
Smerinthus cerisyi,1667,119492
Phoenicurus ochruros,1668,13000
Charadrius dubius,1669,4811
Anaxyrus cognatus,1670,64973
Eumomota superciliosa,1671,2168
Anas querquedula,1672,6980
Anaxyrus debilis,1673,64975
Lepus californicus,1674,43130
Argiope aurantia,1675,67707
Himantopus mexicanus,1676,4836
Haematopus bachmani,1677,4838
Lepus americanus,1678,43132
Pica pica,1679,144106
Haematopus ostralegus,1680,4843
Antrodiaetus riversi,1681,67709
Haematopus unicolor,1682,4848
Vanellus vanellus,1683,4857
Coluber flagellum testaceus,1684,29435
Feltia jaculifera,1685,119550
Vanellus spinosus,1686,4866
Vanellus armatus,1687,4870
Satyrium californica,1688,54024
Luscinia svecica,1689,13071
Columbina inca,1690,3544
Recurvirostra avosetta,1691,4883
Melanchra adjuncta,1692,204701
Armadillidium vulgare,1693,56083
Phasianus colchicus,1694,981
Pluvialis dominica,1695,4893
Hypsiglena jani,1696,103200
Vespula vulgaris,1697,127777
Cinclus mexicanus,1698,7643
Erithacus rubecula,1699,13094
Lontra canadensis,1700,41777
Anaxyrus terrestris,1701,64988
Melanerpes aurifrons,1702,18167
Polygonia comma,1703,54064
Phigalia titea,1704,209713
Boloria selene,1705,54068
Libellula semifasciata,1706,104585
Theba pisana,1707,119608
Charadrius hiaticula,1708,4801
Libellula vibrans,1709,104586
Egretta gularis,1710,4935
Egretta caerulea,1711,4937
Egretta tricolor,1712,4938
Egretta thula,1713,4940
Hyalymenus tarsatus,1714,340813
Egretta garzetta,1715,4943
Egretta sacra,1716,4947
Monticola solitarius,1717,13141
Ardea cocoi,1718,4952
Ardea cinerea,1719,4954
Aeshna umbrosa,1720,67727
Ardea herodias,1721,4956
Chlosyne theona,1722,144223
Diabrotica undecimpunctata undecimpunctata,1723,201568
Latrodectus geometricus,1724,47383
Cacyreus marshalli,1725,119664
Rutpela maculata,1726,62321
Cyclophora pendulinaria,1727,217970
Nycticorax nycticorax,1728,4981
Turdus rufopalliatus,1729,12714
Ardeola ralloides,1730,4994
Nyctanassa violacea,1731,4999
Plestiodon skiltonianus,1732,37769
Apamea amputatrix,1733,213826
Rhionaeschna californica,1734,67736
Andricus crystallinus,1735,155380
Aramides cajaneus,1736,144280
Bubulcus ibis,1737,5017
Butorides virescens,1738,5020
Porphyrio martinicus,1739,144285
Feniseca tarquinius,1740,81729
Bombus ternarius,1741,127905
Botaurus lentiginosus,1742,5034
Nerodia erythrogaster transversa,1743,29330
Cochlearius cochlearius,1744,5036
Sciurus vulgaris,1745,46001
Sciurus variegatoides,1746,46005
Autochton cellus,1747,127928
Scolypopa australis,1748,340923
Sciurus carolinensis,1749,46017
Sciurus aberti,1750,46018
Neverita lewisii,1751,447427
Sciurus niger,1752,46020
Anhinga novaehollandiae,1753,5061
Sciurus griseus,1754,46023
Carterocephalus palaemon,1755,122375
Anhinga rufa,1756,5066
Melozone fusca,1757,145289
Aquila chrysaetos,1758,5074
Thamnophis sirtalis infernalis,1759,49998
Hylocichla mustelina,1760,13270
Cimbex americana,1761,62423
Sitochroa palealis,1762,62424
Regina grahamii,1763,111578
Aphelocoma wollweberi,1764,144207
Pyronia tithonus,1765,62429
Libellula luctuosa,1766,47934
Clemmys guttata,1767,50000
Accipiter striatus,1768,5097
Cisseps fulvicollis,1769,119789
Accipiter nisus,1770,5106
Accipiter gentilis,1771,5108
Rhagonycha fulva,1772,62456
Egretta rufescens,1773,4948
Marmota marmota,1774,46082
Bucephala clangula,1775,6990
Anous stolidus,1776,4535
Marmota caligata,1777,46087
Actitis macularius,1778,72458
Ardea purpurea,1779,4951
Eumorpha fasciatus,1780,128012
Todiramphus chloris,1781,472078
Marmota monax,1782,46095
Grus americana,1783,34
Himantopus himantopus,1784,4835
Eurema mexicana,1785,122374
Glaucidium gnoma,1786,19812
Hierophis viridiflavus,1787,73823
Circus approximans,1788,5168
Hypagyrtis unipunctata,1789,143110
Lithobates blairi,1790,65976
Circus aeruginosus,1791,5173
Vespa crabro,1792,54327
Phalacrocorax sulcirostris,1793,4273
Buteo albonotatus,1794,5180
Ischnura denticollis,1795,103485
Butorides striata,1796,62528
Platalea ajaja,1797,62529
Buteo brachyurus,1798,5186
Ischnura hastata,1799,103494
Ardea alba,1800,144455
Ischnura perparva,1801,103497
Ischnura posita,1802,103498
Buteo swainsoni,1803,5196
Grammia ornata,1804,128079
Lampropeltis triangulum,1805,29777
Alectoris rufa,1806,867
Buteo lineatus,1807,5206
Lampropeltis triangulum triangulum,1808,29783
Plebejus melissa,1809,122383
Buteo jamaicensis,1810,5212
Libellula pulchella,1811,81495
Heloderma suspectum,1812,35003
Cynomys gunnisoni,1813,46180
Charadrius nivosus,1814,144485
Tringa incana,1815,144490
Tringa semipalmata,1816,144491
Hypopachus variolosus,1817,25185
Terathopius ecaudatus,1818,5231
Gallinago delicata,1819,144496
Buteogallus anthracinus,1820,5233
Speranza pustularia,1821,211035
Lampropeltis getula,1822,29813
Chroicocephalus philadelphia,1823,144502
Circaetus gallicus,1824,5242
Chroicocephalus novaehollandiae,1825,144507
Chroicocephalus ridibundus,1826,144510
Polistes fuscatus,1827,52757
Leucophaeus atricilla,1828,144514
Leucophaeus pipixcan,1829,144515
Tamias striatus,1830,46217
Onychoprion fuscatus,1831,144525
Tamias minimus,1832,46222
Sternula antillarum,1833,144530
Tamias merriami,1834,46230
Hydroprogne caspia,1835,144537
Thalasseus maximus,1836,144539
Thalasseus bergii,1837,144540
Elanus leucurus,1838,5277
Epicallima argenticinctella,1839,324766
Alopochen aegyptiaca,1840,72486
Ischnura cervula,1841,62229
Streptopelia senegalensis,1842,144550
Ammospermophilus harrisii,1843,46256
Argia nahuana,1844,94559
Tamiasciurus douglasii,1845,46259
Tamiasciurus hudsonicus,1846,46260
Stagmomantis carolina,1847,119989
Gerygone igata,1848,13494
Haliaeetus leucocephalus,1849,5305
Cistothorus platensis,1850,7596
Haliaeetus vocifer,1851,5308
Diacme elealis,1852,218301
Basiaeschna janata,1853,95422
Glaucomys volans,1854,46272
Polistes metricus,1855,120010
Bubo scandiacus,1856,144594
Gonepteryx rhamni,1857,52771
Ciccaba virgata,1858,144597
Bonasa umbellus,1859,890
Poanes zabulon,1860,52773
Lapara bombycoides,1861,120033
Busarellus nigricollis,1862,5346
Rostrhamus sociabilis,1863,5349
Anolis equestris,1864,36391
Trichechus manatus,1865,46316
Milvus milvus,1866,5267
Darapsa choerilus,1867,128241
Palthis angulalis,1868,128242
Gyps fulvus,1869,5366
Ficedula hypoleuca,1870,204512
Crassadoma gigantea,1871,54526
Momotus coeruliceps,1872,144642
Strongylocentrotus droebachiensis,1873,120070
Syngnathus leptorhynchus,1874,54538
Necrophila americana,1875,81746
Pseudomyrmex gracilis,1876,300301
Apiomerus spissipes,1877,202003
Enhydra lutris,1878,41860
Charadrius semipalmatus,1879,4817
Sceloporus variabilis,1880,36145
Steatoda capensis,1881,202012
Iphiclides podalirius,1882,62749
Haliastur indus,1883,5406
Andricus kingi,1884,62751
Gyps africanus,1885,5363
Ictinia mississippiensis,1886,5416
Issoria lathonia,1887,62766
Scolia dubia,1888,62768
Dissosteira carolina,1889,126206
Mallodon dasystomus,1890,269875
Limenitis reducta,1891,155030
Duttaphrynus melanostictus,1892,62345
Aeshna cyanea,1893,52519
Dives dives,1894,10001
Tegula funebralis,1895,460365
Baeolophus atricristatus,1896,13631
Baeolophus bicolor,1897,13632
Baeolophus inornatus,1898,13633
Melospiza melodia,1899,9100
Crotaphytus bicinctores,1900,62796
Gambelia wislizenii,1901,62797
Sciurus aureogaster,1902,46009
Sparisoma viride,1903,112867
Pelecinus polyturator,1904,70997
Mytilus californianus,1905,62806
Musca domestica,1906,120156
Euclea delphinii,1907,136548
Danaus eresimus,1908,50065
Tachyglossus aculeatus,1909,43239
Spinus spinus,1910,145303
Araneus marmoreus,1911,120183
Crotalus scutulatus scutulatus,1912,71032
Tenodera sinensis,1913,71034
Ochropleura implecta,1914,143121
Motacilla alba,1915,13695
Certhia americana,1916,7458
Lampropholis delicata,1917,38293
Bucorvus leadbeateri,1918,144281
Halysidota tessellaris,1919,120217
Otiorhynchus sulcatus,1920,226718
Anteaeolidiella oliviae,1921,464287
Oxychilus draparnaudi,1922,226720
Anthus pratensis,1923,13729
Anthus rubescens,1924,13732
Tachycineta albilinea,1925,11930
Varanus niloticus,1926,71085
Poecile carolinensis,1927,144814
Poecile atricapillus,1928,144815
Poecile gambeli,1929,144816
Poecile rufescens,1930,144820
Periparus ater,1931,144823
Chlorophanes spiza,1932,10485
Lasiurus cinereus,1933,40523
Datana ministra,1934,47719
Estrilda astrild,1935,13770
Cyanistes caeruleus,1936,144849
Discus rotundatus,1937,218587
Tamandua mexicana,1938,47105
Sphyrapicus varius,1939,18463
Petrochelidon pyrrhonota,1940,11858
Troglodytes pacificus,1941,144882
Troglodytes hiemalis,1942,144883
Nephelodes minians,1943,153076
Chlosyne nycteis,1944,62978
Catocala ilia,1945,128517
Dysphania militaris,1946,153102
Aquarius remigis,1947,59651
Passer montanus,1948,13851
Passer domesticus,1949,13858
Kinosternon flavescens,1950,39742
Aphelocoma californica,1951,506118
Amazilia yucatanensis,1952,5672
Amazilia tzacatl,1953,5676
Dicrurus adsimilis,1954,204503
Megachile sculpturalis,1955,52785
Harrisina americana,1956,126905
Promachus hinei,1957,55773
Microcentrum rhombifolium,1958,84752
Amazilia violiceps,1959,5698
Ovis canadensis nelsoni,1960,145539
Lampropeltis splendida,1961,104004
Lonchura punctulata,1962,13893
Nuttallina californica,1963,63048
Panopoda rufimargo,1964,226901
Anthanassa tulcis,1965,194134
Tigrisoma mexicanum,1966,5049
Porphyrio melanotus melanotus,1967,407130
Panthea furcilla,1968,226910
Catasticta nimbice,1969,130661
Bombus griseocollis,1970,120215
Melanitta americana,1971,144220
Spizella pallida,1972,9148
Sceloporus magister,1973,320610
Papilio polyxenes asterius,1974,54900
Callisaurus draconoides,1975,36080
Amazilia rutila,1976,5758
Zenaida aurita,1977,3465
Anolis sagrei,1978,116461
Aporia crataegi,1979,61295
Tetracis cachexiata,1980,131673
Blarina brevicauda,1981,63113
Coronella austriaca,1982,26904
Argia tibialis,1983,94575
Lycaena phlaeas hypophlaeas,1984,237166
Melanoplus bivittatus,1985,129305
Speyeria atlantis,1986,63128
Sympetrum internum,1987,113514
Echinothrix calamaris,1988,48757
Bombus vagans,1989,128670
Prunella modularis,1990,13988
Anartia fatima,1991,54951
Cardisoma guanhumi,1992,54952
Cydalima perspectalis,1993,325295
Celithemis elisa,1994,63160
Pyrausta volupialis,1995,210615
Falco tinnunculus,1996,472766
Heterodon nasicus,1997,29927
Ixoreus naevius,1998,145088
Archilochus colubris,1999,6432
Lampornis clemenciae,2000,5827
Myiarchus tuberculifer,2001,15990
Coccinella californica,2002,128712
Adelpha eulalia,2003,67559
Echinometra mathaei,2004,128719
Setophaga ruticilla,2005,10247
Copaeodes minima,2006,202451
Boyeria vinosa,2007,95958
Myiarchus tyrannulus,2008,16016
Sceloporus olivaceus,2009,36202
Brachymesia furcata,2010,95982
Calycopis isobeon,2011,126589
Micrathena sagittata,2012,120578
Pogonomyrmex barbatus,2013,194690
Parasteatoda tepidariorum,2014,120583
Zosterops lateralis,2015,202505
Aspidoscelis tigris,2016,38671
Aspidoscelis tigris stejnegeri,2017,38672
Zonotrichia leucophrys,2018,9176
Aphonopelma hentzi,2019,120596
Agelaius phoeniceus,2020,9744
Aspidoscelis tigris mundus,2021,38684
Aphantopus hyperantus,2022,62426
Micrurus tener,2023,30494
Euphydryas phaeton,2024,58578
Brechmorhoga mendax,2025,96036
Leukoma staminea,2026,333608
Aspidoscelis sexlineata sexlineata,2027,38703
Chortophaga viridifasciata,2028,126600
Megalorchestia californiana,2029,63287
Lucilia sericata,2030,128824
Lepisosteus oculatus,2031,104249
Parus major,2032,203153
Zonotrichia capensis,2033,9183
Hypena baltimoralis,2034,82201
Oreothlypis peregrina,2035,145217
Oreothlypis celata,2036,145218
Oreothlypis ruficapilla,2037,145221
Geothlypis philadelphia,2038,145224
Geothlypis formosa,2039,145225
Ambigolimax valentianus,2040,448331
Copestylum mexicanum,2041,128845
Setophaga tigrina,2042,145231
Setophaga americana,2043,145233
Setophaga magnolia,2044,145235
Setophaga castanea,2045,145236
Setophaga fusca,2046,145237
Setophaga petechia,2047,145238
Setophaga striata,2048,145240
Setophaga palmarum,2049,145242
Polites vibex,2050,179855
Setophaga pinus,2051,145244
Setophaga coronata,2052,145245
Setophaga dominica,2053,145246
Campylopterus hemileucurus,2054,5987
Vireo cassinii,2055,17382
Setophaga nigrescens,2056,145254
Setophaga townsendi,2057,145255
Setophaga occidentalis,2058,145256
Setophaga chrysoparia,2059,145257
Setophaga virens,2060,145258
Pollicipes polymerus,2061,48786
Sceloporus occidentalis longipes,2062,36207
Eleutherodactylus marnockii,2063,22392
Eleutherodactylus cystignathoides,2064,22393
Cardellina canadensis,2065,145275
Cardellina rubra,2066,145277
Aphelocoma coerulescens,2067,7829
Panthera pardus,2068,41963
Pyrausta acrionalis,2069,142998
Melanerpes erythrocephalus,2070,18204
Tonicella lineata,2071,47425
Charadra deridens,2072,148460
Emberiza calandra,2073,145291
Carcinus maenas,2074,52523
Scapanus latimanus,2075,46994
Tramea onusta,2076,114314
Acanthis flammea,2077,145300
Dermasterias imbricata,2078,63382
Ursus americanus californiensis,2079,126772
Spinus pinus,2080,145304
Thraupis abbas,2081,10294
Spinus psaltria,2082,145308
Spinus lawrencei,2083,145309
Spinus tristis,2084,145310
Threskiornis aethiopicus,2085,3739
Scalopus aquaticus,2086,47014
Gygis alba,2087,4566
Equus quagga,2088,43335
Panthera onca,2089,41970
Lycomorpha pholus,2090,128950
Tachycineta bicolor,2091,11935
Larus dominicanus dominicanus,2092,333759
Herpetogramma pertextalis,2093,143008
Coenonympha tullia california,2094,235341
Mus musculus,2095,44705
Lonchura oryzivora,2096,145352
Haematopus palliatus,2097,4840
Apiomerus californicus,2098,244845
Chloris chloris,2099,145360
Accipiter cooperii,2100,5112
Agkistrodon piscivorus,2101,30675
Crocodylus niloticus,2102,341972
Agkistrodon piscivorus conanti,2103,30677
Agkistrodon contortrix,2104,30678
Caenurgina crassiuscula,2105,52900
Agkistrodon contortrix laticinctus,2106,30682
Bradypus variegatus,2107,47067
Erythemis vesiculosa,2108,55260
Vireo solitarius,2109,17402
Selasphorus platycercus,2110,6369
Lestes alacer,2111,104416
Narceus annularus,2112,128993
Lestes congener,2113,104422
Patalene olyzonaria,2114,227307
Lestes dryas,2115,104429
Phyciodes graphica,2116,194542
Microcrambus elegans,2117,52904
Calephelis nemesis,2118,129363
Chroicocephalus scopulinus,2119,144506
Crotalus oreganus helleri,2120,30713
Choloepus hoffmanni,2121,47101
Caedicia simplex,2122,210942
Crotalus scutulatus,2123,30719
Crotalus ruber,2124,30724
Triopha maculata,2125,47110
Aechmophorus occidentalis,2126,4235
Crotalus molossus,2127,30731
Crotalus molossus nigrescens,2128,30733
Crotalus mitchellii,2129,30735
Crotalus lepidus,2130,30740
Crotalus horridus,2131,30746
Melanoplus differentialis,2132,63518
Crotalus cerastes,2133,30751
Caenurgina erechtea,2134,126640
Marmota flaviventris,2135,46086
Heliomata cycladata,2136,194599
Crotalus atrox,2137,30764
Hemiphaga novaeseelandiae,2138,204520
Crepidula adunca,2139,128141
Mythimna unipuncta,2140,121183
Eidolon helvum,2141,40827
Xema sabini,2142,4571
Nepytia canosaria,2143,211007
Flabellina iodinea,2144,47171
Maliattha synochitis,2145,211012
Bothrops asper,2146,30798
Pachygrapsus crassipes,2147,47188
Esox lucius,2148,55387
Limenitis arthemis arthemis,2149,58583
Leucorrhinia frigida,2150,104548
Leucorrhinia hudsonica,2151,104550
Leucorrhinia intacta,2152,104551
Hermissenda crassicornis,2153,47209
Lycaena phlaeas,2154,55655
Otala lactea,2155,202861
Lineodes integra,2156,143037
Apis mellifera,2157,47219
Pseudacris cadaverina,2158,24254
Papilio rutulus,2159,47226
Libellula comanche,2160,104572
Libellula croceipennis,2161,104574
Libellula cyanea,2162,104575
Ovis canadensis canadensis,2163,145538
Libellula incesta,2164,104580
Pseudacris streckeri,2165,24257
Calpodes ethlius,2166,53866
Ramphastos sulfuratus,2167,18796
Dacelo novaeguineae,2168,2413
Fulica atra,2169,482
Sphyraena barracuda,2170,47251
Hemaris diffinis,2171,358549
Crotalus viridis,2172,81526
Hirundo rustica erythrogaster,2173,342169
Leiocephalus carinatus,2174,39280
Dasyatis americana,2175,47269
Sabulodes aegrotata,2176,55467
Calypte costae,2177,6316
Calypte anna,2178,6317
Pterois volitans,2179,47280
Geukensia demissa,2180,81608
Euglandina rosea,2181,121012
Colaptes auratus cafer,2182,236980
Aspidoscelis tigris tigris,2183,38673
Sula nebouxii,2184,3786
Diabrotica undecimpunctata,2185,55487
Phrynosoma platyrhinos,2186,243904
Cycloneda munda,2187,55489
Copsychus saularis,2188,204491
Cycloneda polita,2189,55492
Heterophleps triguttaria,2190,129222
Pasiphila rectangulata,2191,129223
Thamnophis sirtalis sirtalis,2192,28365
Chaetodon lunula,2193,47316
Selasphorus sasin,2194,6359
Leptophobia aripa,2195,62500
Selasphorus rufus,2196,6363
Calopteryx aequabilis,2197,96480
Papilio eurymedon,2198,55521
Calothorax lucifer,2199,6371
Syrbula admirabilis,2200,129263
Thamnophis sirtalis fitchi,2201,28371
Charina bottae,2202,243962
Acronicta americana,2203,145659
Pycnonotus barbatus,2204,14588
Cornu aspersum,2205,480298
Melanitis leda,2206,51584
Larus glaucescens \303\227 occidentalis,2207,243970
Oncopeltus fasciatus,2208,55556
Aphelocoma woodhouseii,2209,506117
Anavitrinella pampinaria,2210,63750
Sistrurus miliarius,2211,30983
Holocnemus pluchei,2212,211210
Micropterus salmoides,2213,49587
Florisuga mellivora,2214,6417
Latrodectus mactans,2215,47381
Latrodectus hesperus,2216,47382
Haematopus finschi,2217,4851
Papilio polytes,2218,51588
Falcipennis canadensis,2219,144431
Haematopis grataria,2220,118490
Archilochus alexandri,2221,6433
Chaetodon capistratus,2222,52956
Junonia genoveva,2223,203050
Circus cyaneus,2224,5170
Panorpa nuptialis,2225,84332
Emerita analoga,2226,47414
Gibbifer californicus,2227,129335
Pyrrhocoris apterus,2228,55610
Phidippus johnsoni,2229,58421
Trachymela sloanei,2230,208608
Sympetrum corruptum,2231,68138
Photinus pyralis,2232,129350
Sympetrum striolatum,2233,55625
Pieris rapae,2234,55626
Ardea alba modesta,2235,203084
Zerene cesonia,2236,129362
Anania hortulata,2237,55638
Astraptes fulgerator,2238,148537
Celastrina argiolus,2239,55640
Polyommatus icarus,2240,55641
Myiarchus crinitus,2241,16028
Araschnia levana,2242,55643
Megastraea undosa,2243,121180
Triopha catalinae,2244,47454
Thamnophis ordinoides,2245,28389
Sympetrum vicinum,2246,68139
Autographa gamma,2247,55651
Maniola jurtina,2248,55653
Libellula forensis,2249,84369
Badumna longinqua,2250,47135
Ariolimax californicus,2251,48213
Acanthurus coeruleus,2252,121196
Doris montereyensis,2253,47469
Buteo regalis,2254,5181
Acanthodoris lutea,2255,47472
Copaeodes aurantiaca,2256,129415
Geitodoris heathi,2257,47505
Thamnophis elegans,2258,28398
Aeronautes saxatalis,2259,6553
Oncorhynchus mykiss,2260,47516
Chaetura vauxi,2261,6557
Salmo trutta,2262,47518
Ladona depressa,2263,55711
Eristalis tenax,2264,55719
Chaetura pelagica,2265,6571
Chrysochus cobaltinus,2266,119881
Setophaga pensylvanica,2267,145239
Bombus huntii,2268,154043
Acinonyx jubatus,2269,41955
Misumena vatia,2270,55746
Lanius ludovicianus,2271,12024
Anhinga anhinga,2272,5063
Prionus californicus,2273,59892
Largus californicus,2274,52986
Acridotheres tristis,2275,204454
Sitta pygmaea,2276,14816
Mestra amymone,2277,148560
Actophilornis africanus,2278,4585
Phloeodes diabolicus,2279,47590
Sitta canadensis,2280,14823
Sitta europaea,2281,14824
Sitta pusilla,2282,14825
Solenopsis invicta,2283,67598
Apus apus,2284,6638
Euphoria basalis,2285,301557
Phaneroptera nana,2286,132070
Sturnus vulgaris,2287,14850
Seiurus aurocapilla,2288,62550
Corbicula fluminea,2289,64006
Motacilla flava,2290,204545
Katharina tunicata,2291,47632
Chortophaga viridifasciata viridifasciata,2292,325309
Macrodiplax balteata,2293,104993
Vireo griseus,2294,17408
Toxostoma longirostre,2295,14895
Henricia leviuscula,2296,47664
Calotes versicolor,2297,31281
Agrius cingulata,2298,119086
Calidris alba,2299,3849
Toxostoma redivivum,2300,14906
Gallinula galeata,2301,144479
Calidris himantopus,2302,3850
Enhydra lutris nereis,2303,117520
Myliobatis californica,2304,51491
Estigmene acrea,2305,121612
Macromia illinoiensis,2306,105034
Eugenes fulgens,2307,6498
Cynomys ludovicianus,2308,46179
Macromia taeniolata,2309,105049
Anax longipes,2310,94045
Galgula partita,2311,143119
Icterus wagleri,2312,9317
Nucella ostrina,2313,122704
Grylloprociphilus imbricator,2314,146709
Icterus parisorum,2315,9318
Micrathena gracilis,2316,85333
Anania funebris,2317,126737
Cryptochiton stelleri,2318,49053
Parastichopus californicus,2319,47721
Phelsuma laticauda,2320,34050
Notarctia proxima,2321,154219
Tyria jacobaeae,2322,51781
Acris crepitans,2323,24230
Coluber flagellum,2324,146032
Coluber flagellum flagellum,2325,146033
Hordnia atropunctata,2326,244340
Coluber taeniatus,2327,146037
Scopula rubraria,2328,244344
Harpaphe haydeniana,2329,47737
Buteo platypterus,2330,5227
Apalone spinifera,2331,39556
Apalone spinifera emoryi,2332,39560
Gallinago gallinago,2333,318836
Magicicada septendecim,2334,105098
Celithemis fasciata,2335,96907
Icterus spurius,2336,9325
Calidris minutilla,2337,3864
Dumetella carolinensis,2338,14995
Porphyrio hochstetteri,2339,424597
Doriopsilla albopunctata,2340,47768
Aeolidia papillosa,2341,498116
Mallophora fautrix,2342,244378
Calidris fuscicollis,2343,3866
Ariolimax columbianus,2344,47776
Phalaropus tricolor,2345,144497
Pseudemys nelsoni,2346,39824
Colaptes auratus auratus,2347,236979
Podarcis muralis,2348,55990
Zelus renardii,2349,244407
Lymantria dispar,2350,47802
Melanotis caerulescens,2351,15035
Anthopleura artemisia,2352,51658
Oreta rosea,2353,121534
Tiaris olivaceus,2354,73504
Oreoscoptes montanus,2355,15045
Limnodromus scolopaceus,2356,3873
Pycnopodia helianthoides,2357,47673
Libellula saturata,2358,47817
Polygonia satyrus,2359,56644
Cancer productus,2360,47826
Tringa solitaria,2361,3875
Trachemys scripta,2362,39782
Cyllopsis gemma,2363,143140
Lampropeltis holbrooki,2364,29818
Macroglossum stellatarum,2365,56293
Gryllodes sigillatus,2366,154340
Sitta carolinensis,2367,14801
Ovis aries,2368,121578
Tringa totanus,2369,3879
Dendrocygna autumnalis,2370,6893
Sunira bicolorago,2371,154353
Dendrocygna viduata,2372,6898
Dendrocygna bicolor,2373,6899
Icterus abeillei,2374,9342
Lepidochelys olivacea,2375,39670
Vanellus chilensis,2376,4867
Dermochelys coriacea,2377,39677
Stylurus plagiatus,2378,113407
Chelydra serpentina,2379,39682
Cygnus buccinator,2380,6915
Cygnus cygnus,2381,6916
Cygnus columbianus,2382,6917
Lampropeltis calligaster calligaster,2383,29825
Cygnus olor,2384,6921
Intellagama lesueurii,2385,146186
Icterus galbula,2386,9346
Plutella xylostella,2387,126765
Aphis nerii,2388,71154
Anas platyrhynchos,2389,6930
Anas acuta,2390,6933
Sternotherus odoratus,2391,39703
Anas crecca,2392,6937
Lottia digitalis,2393,64287
Anas cyanoptera,2394,6944
Kinosternon subrubrum,2395,39713
Scaphiopus couchii,2396,26691
Anas fulvigula,2397,6948
Anas discors,2398,6953
Eumorpha pandorus,2399,47914
Actias luna,2400,47916
Anas strepera,2401,6957
Antheraea polyphemus,2402,47919
Hypoprepia fucosa,2403,119953
Anas clypeata,2404,6961
Anisomorpha buprestoides,2405,134119
Coenagrion puella,2406,51678
Anas chlorotis,2407,72502
Epiactis prolifera,2408,49060
Phacochoerus africanus,2409,42122
Poanes hobomok,2410,58507
Stenopus hispidus,2411,121669
Rhipidura leucophrys,2412,8143
Anas americana,2413,6985
Bucephala albeola,2414,6993
Tetraclita rubescens,2415,121682
Mergus serrator,2416,6996
Sympetrum ambiguum,2417,113498
Chrysemys picta,2418,39771
Mergus merganser,2419,7004
Chrysemys picta bellii,2420,39773
Sympetrum danae,2421,113503
Sympetrum fonscolombii,2422,113507
Isa textula,2423,154469
Argia apicalis,2424,47975
Anser anser,2425,7018
Anser albifrons,2426,7019
Speyeria cybele,2427,47980
Euphyes vestris,2428,58514
Sympetrum obtrusum,2429,113519
Somateria mollissima,2430,7024
Trachemys scripta scripta,2431,39793
Rallus obsoletus,2432,367475
Uresiphita reversalis,2433,121716
Sympetrum sanguineum,2434,113525
Sympetrum semicinctum,2435,113526
Platycercus elegans,2436,18921
Melanitta fusca,2437,7032
Milvus migrans,2438,5268
Gelochelidon nilotica,2439,144536
Ninox novaeseelandiae novaeseelandiae,2440,413503
Melanitta perspicillata,2441,7036
Lissotriton vulgaris,2442,64382
Terrapene ornata,2443,39807
Terrapene ornata luteola,2444,39808
Aythya collaris,2445,7044
Aythya ferina,2446,7045
Aythya fuligula,2447,7046
Opheodrys vernalis,2448,146314
Numenius americanus,2449,3906
Pseudemys gorzugi,2450,39823
Sypharochiton pelliserpentis,2451,178991
Chen caerulescens,2452,7061
Pseudemys concinna,2453,39830
Parrhasius m-album,2454,127490
Chamaea fasciata,2455,15256
Malaclemys terrapin,2456,39836
Trichopoda pennipes,2457,133764
Hypselonotus punctiventris,2458,334753
Amia calva,2459,58611
Argia vivida,2460,56240
Branta canadensis,2461,7089
Phrynosoma blainvillii,2462,146354
Plebejus acmon,2463,56243
Thalasseus elegans,2464,144542
Lithobates clamitans melanota,2465,121783
Glyptemys insculpta,2466,39865
Emys orbicularis,2467,39867
Branta sandvicensis,2468,7104
Siproeta stelenes,2469,50336
Aythya americana,2470,7056
Aix sponsa,2471,7107
Lophodytes cucullatus,2472,7109
Histrionicus histrionicus,2473,7111
Aratinga nenday,2474,367562
Emydoidea blandingii,2475,39885
Psittacara holochlorus,2476,367566
Marimatha nigrofimbria,2477,143181
Cairina moschata,2478,7120
Netta rufina,2479,7122
Phaeoura quernaria,2480,130003
Psittacara erythrogenys,2481,367572
Sayornis saya,2482,17009
Ennomos magnaria,2483,154582
Colias eurytheme,2484,58532
Sceliphron caementarium,2485,121821
Dryocampa rubicunda,2486,48094
Aythya valisineria,2487,7057
Picoides albolarvatus,2488,17646
Procyon lotor lotor,2489,201551
Lycaena hyllus,2490,58534
Vermivora cyanoptera,2491,73553
Exomala orientalis,2492,359401
Corvus caurinus,2493,8018
Tegula brunnea,2494,490478
Asio otus,2495,20307
Peridea ferruginea,2496,227466
Pyrisitia lisa,2497,122172
Polites peckius,2498,133631
Corvus brachyrhynchos,2499,8021
Clangula hyemalis,2500,7170
Satyrium calanus,2501,58539
Coluber constrictor,2502,27137
Chenonetta jubata,2503,7176
Giraffa camelopardalis,2504,42157
Thalasseus sandvicensis,2505,144541
Litoria aurea,2506,23572
Patiriella regularis,2507,354820
Andricus quercuscalifornicus,2508,55887
Ammospermophilus leucurus,2509,46255
Oryctolagus cuniculus domesticus,2510,334341
Eolophus roseicapilla,2511,144560
Anax imperator,2512,94043
Dryas iulia moderata,2513,425004
Cactophagus spinolae,2514,269359
Colaptes rubiginosus,2515,72755
Meleagris gallopavo silvestris,2516,319123
Lyssa zampa,2517,130846
Nemoria bistriaria,2518,203831
Ptiliogonys cinereus,2519,367678
Elanoides forficatus,2520,5301
Carduelis carduelis,2521,9398
Coryphista meadii,2522,143201
Lestes australis,2523,104419
Cassiculus melanicterus,2524,367693
Deidamia inscriptum,2525,143452
Romalea microptera,2526,466003
Paraphidippus aurantius,2527,84494
Rabdophaga strobiloides,2528,203866
Dendragapus fuliginosus,2529,72797
Psaltriparus minimus,2530,7266
Odocoileus virginianus clavium,2531,120920
Aegithalos caudatus,2532,7278
Agkistrodon contortrix mokasen,2533,30681
Zosterops lateralis lateralis,2534,413547
Apatelodes torrefacta,2535,48262
Lampides boeticus,2536,121993
Crotalus oreganus oreganus,2537,48267
Crotalus oreganus,2538,48268
Feltia herilis,2539,147309
Sceloporus consobrinus,2540,146413
Cyprinus carpio haematopterus,2541,326764
Haliaeetus leucogaster,2542,5315
Uria aalge,2543,4519
Gopherus polyphemus,2544,40085
Agalychnis callidryas,2545,23702
Tringa semipalmata inornatus,2546,210116
Stigmochelys pardalis,2547,40092
Acanthurus triostegus,2548,59931
Philoscia muscorum,2549,48292
Scolopendra heros,2550,146601
Panchlora nivea,2551,244906
Limulus polyphemus,2552,48302
Otospermophilus variegatus,2553,180008
Alauda arvensis,2554,7347
Macaca fascicularis,2555,43459
Telebasis salva,2556,113846
Galerida cristata,2557,7356
Delichon urbicum,2558,64705
Aspidoscelis hyperythra beldingi,2559,145932
Helmitheros vermivorum,2560,72912
Octogomphus specularis,2561,69805
Aphomia sociella,2562,129572
Barisia imbricata,2563,31964
Halmus chalybeus,2564,244625
Phyciodes cocyta,2565,58576
Hylocharis leucotis,2566,72931
Lestes rectangularis,2567,104449
Mimus polyglottos,2568,14886
Hyla versicolor,2569,23783
Hyla plicata,2570,23784
Gymnorhina tibicen,2571,8575
Alcedo atthis,2572,2599
Pyrrhosoma nymphula,2573,61152
Polygonia interrogationis,2574,58579
Ophisaurus attenuatus attenuatus,2575,31993
Odocoileus hemionus californicus,2576,53985
Streptopelia chinensis,2577,144549
Micrathyria hagenii,2578,105730
Bombycilla cedrorum,2579,7428
Bombycilla garrulus,2580,7429
Polygonia gracilis,2581,50391
Tadorna tadorna,2582,7067
Petroica australis australis,2583,413513
Varanus varius,2584,39469
Pholisora catullus,2585,58479
Achalarus lyciades,2586,127929
Gasterosteus aculeatus,2587,48403
Amazona autumnalis,2588,18990
Dendragapus obscurus,2589,1241
Ponometia erastrioides,2590,228634
Pelophylax,2591,64806
Hetaerina americana,2592,51761
Catherpes mexicanus,2593,7464
Sceloporus uniformis,2594,318761
Tadorna ferruginea,2595,7068
Achyra rantalis,2596,204077
Campylorhynchus brunneicapillus,2597,7470
Gerrhonotus infernalis,2598,32048
Pyrausta laticlavia,2599,204081
Campylorhynchus rufinucha,2600,7476
Elgaria multicarinata,2601,32055
Rhipidura fuliginosa,2602,244276
Pyrisitia proterpia,2603,144187
Elgaria multicarinata multicarinata,2604,32059
Elgaria kingii,2605,32061
Lascoria ambigualis,2606,146750
Elgaria coerulea,2607,32064
Hyla squirella,2608,23873
Peltodoris nobilis,2609,48450
Fissurella volcano,2610,64146
Pelidnota punctata,2611,48259
Pantherophis alleghaniensis quadrivittata,2612,122185
Polioptila melanura,2613,7498
Haliotis rufescens,2614,56652
Pelecanus occidentalis carolinensis,2615,122191
Melozone aberti,2616,73041
Homalodisca vitripennis,2617,199381
Melozone crissalis,2618,73044
Zanclus cornutus,2619,83290
Thryothorus ludovicianus,2620,7513
Storeria occipitomaculata occipitomaculata,2621,28559
Pseudacris maculata,2622,24255
Melanargia galathea,2623,130398
Heterodon platirhinos,2624,29925
Harmonia axyridis,2625,48484
Odontotaenius disjunctus,2626,122214
Xantusia vigilis,2627,39484
Podarcis sicula,2628,73919
Leptoglossus clypealis,2629,154553
Hyla intermedia,2630,23922
Acharia stimulea,2631,122228
Pantala flavescens,2632,108344
Cotinis nitida,2633,118538
Hyla chrysoscelis,2634,23930
Hyla arenicolor,2635,23933
Porcellio scaber,2636,122238
Dioprosopa clavata,2637,479803
Parabuteo unicinctus,2638,5355
Texola elada,2639,146822
Anas platyrhynchos domesticus,2640,236935
Troglodytes aedon,2641,7562
Buteo lineatus elegans,2642,339444
Odocoileus hemionus columbianus,2643,42221
Thamnophilus doliatus,2644,15764
Cucullia convexipennis,2645,122261
Brachystola magna,2646,122262
Thryomanes bewickii,2647,7576
Eubaphe mendica,2648,143015
Actinemys marmorata,2649,73592
Plathemis lydia,2650,84549
Hyla cinerea,2651,23969
Ancistrocerus gazella,2652,318882
Tadorna variegata,2653,7072
Vanessa cardui,2654,48548
Vanessa virginiensis,2655,48549
Pomacea canaliculata,2656,122278
Myioborus miniatus,2657,9457
Pyrgus albescens,2658,122280
Calycopis cecrops,2659,122281
Achlyodes pallida,2660,130474
Phalacrocorax varius varius,2661,338503
Myioborus pictus,2662,9458
Anolis nebulosus,2663,73629
Larus argentatus smithsonianus,2664,122291
Murgantia histrionica,2665,56756
Parkesia motacilla,2666,73148
Okenia rosacea,2667,48575
Sula granti,2668,56768
Anteos maerula,2669,48578
Anaxyrus americanus,2670,64968
Anaxyrus boreas,2671,64970
Crotalus lepidus lepidus,2672,115549
Anaxyrus fowleri,2673,64977
Ara macao,2674,19022
Pseudacris regilla,2675,24259
Anaxyrus punctatus,2676,64984
Anaxyrus quercicus,2677,64985
Peucaea ruficauda,2678,73178
Anaxyrus speciosus,2679,64987
Anaxyrus woodhousii,2680,64989
Calidris subruficollis,2681,339596
Carabus nemoralis,2682,56552
Ischnura verticalis,2683,84722
Eumorpha achemon,2684,122356
Chrysolina bankii,2685,318965
Protodeltote muscosula,2686,228855
Agriphila vulgivagella,2687,146940
Nymphalis antiopa,2688,56832
Vespula pensylvanica,2689,61355
Megathura crenulata,2690,48645
Phoenicopterus roseus,2691,73222
Lobatus gigas,2692,363354
Morus bassanus,2693,3802
Apalone spinifera spinifera,2694,62722
Aplysia californica,2695,48655
Aglais urticae,2696,54468
Danaus plexippus,2697,48662
Metridium senile,2698,49071
Psamatodes abydata,2699,228899
Oncometopia orbona,2700,133102
Chelonia mydas,2701,39659
Dolomedes triton,2702,121437
Argia fumipennis,2703,94545
Bombus pensylvanicus,2704,56887
Eptesicus fuscus,2705,40509
Lepomis megalotis,2706,58635
Erpetogomphus designatus,2707,100369
Lepomis cyanellus,2708,58636
Lasiurus borealis,2709,40522
Hagenius brevistylus,2710,102006
Marpesia petreus,2711,50283
Pelecanus occidentalis californicus,2712,123829
Anthidium manicatum,2713,62453
Graphocephala coccinea,2714,56925
Sphex pensylvanicus,2715,48738
Oryctolagus cuniculus,2716,43151
Glaucidium brasilianum,2717,19822
Lottia scabra,2718,48750
Elophila obliteralis,2719,335071
Vipera berus,2720,81521
Elephas maximus,2721,43697
Oxyura jamaicensis,2722,7079
Erinaceus europaeus,2723,43042
Gopherus agassizii,2724,40086
Lumbricus terrestris,2725,81545
Myiarchus cinerascens,2726,16010
Chloroceryle americana,2727,2669
Sturnella neglecta,2728,9535
Ictalurus punctatus,2729,81554
Ramphastos ambiguus,2730,339907
Terrapene carolina,2731,39814
Paroaria coronata,2732,10254
Antrozous pallidus,2733,40614
Probole amicaria,2734,502385
Acris gryllus,2735,24233
Steatoda triangulosa,2736,81579
Callosamia promethea,2737,81580
Coluber lateralis,2738,146034
Hyalophora cecropia,2739,81582
Anisota senatoria,2740,81583
Lithobates palustris,2741,66002
Citheronia regalis,2742,81586
Lasionycteris noctivagans,2743,40629
Eacles imperialis,2744,81590
Buteo buteo,2745,204472
Craugastor augusti,2746,65212
Patiria miniata,2747,48830
Pisaster giganteus,2748,48833
Myiodynastes luteiventris,2749,16071
Balanus glandula,2750,81610
Pseudacris crucifer,2751,24268
Contopus sordidulus,2752,16079
Corvus corone,2753,204496
Cyanoramphus novaezelandiae,2754,204498
Smilisca baudinii,2755,24277
Eleutherodactylus planirostris,2756,22631
Contopus virens,2757,16100
Aepyceros melampus,2758,42278
Contopus pertinax,2759,16106
Contopus cooperi,2760,16110
Connochaetes taurinus,2761,42280
Octopus rubescens,2762,47455
Larus argentatus,2763,204533
Nematocampa resistaria,2764,81656
Lacinipolia renigera,2765,81657
Halcyon smyrnensis,2766,204519
Cordulegaster dorsalis,2767,62762
Malacosoma disstria,2768,81663
Rena dulcis,2769,32512
Orgyia leucostigma,2770,81665
Haploa confusa,2771,130821
Clemensia albata,2772,81672
Onychognathus morio,2773,204554
Euchaetes egle,2774,81677
Scopula limboundata,2775,81680
Hemipenthes sinuosa,2776,318497
Ictidomys parvidens,2777,179987
Ictidomys tridecemlineatus,2778,179988
Evergestis pallidata,2779,81685
Noctua pronuba,2780,81687
Xerospermophilus spilosoma,2781,179992
Urocitellus armatus,2782,179994
Cyanocompsa parellina,2783,9519
Urocitellus columbianus,2784,179998
Trithemis annulata,2785,114463
Catocala maestosa,2786,199169
Tolype velleda,2787,143323
Anthrenus verbasci,2788,120113
Cistothorus palustris,2789,7601
Alaus oculatus,2790,81706
Harrisimemna trisignata,2791,220974
Tyto alba,2792,20445
Trogon caligatus,2793,73523
Micropterus dolomieu,2794,49590
Mirounga leonina,2795,41729
Arilus cristatus,2796,48957
Abaeis nicippe,2797,81727
Corvus monedula,2798,8000
Corvus ossifragus,2799,8001
Rabdotus dealbatus,2800,171843
Neophasia menapia,2801,81734
Clogmia albipunctata,2802,258813
Lepturobosca chrysocoma,2803,332243
Heliconius erato,2804,81744
Dicymolomia julianalis,2805,218424
Spheniscus demersus,2806,3813
Malacosoma americanum,2807,81749
Pyrausta tyralis,2808,81752
Hippodamia convergens,2809,48987
Corvus frugilegus,2810,8029
Corvus splendens,2811,8031
Lasiommata megera,2812,147298
Branta bernicla,2813,7087
Phoebis sennae,2814,48550
Larus hyperboreus,2815,4349
Trigonopeltastes delta,2816,84027
Vanessa itea,2817,194762
Pseudomops septentrionalis,2818,311163
Scudderia furcata,2819,55957
Pseudemys texana,2820,39822
Chlosyne ehrenbergii,2821,204685
Columba livia domestica,2822,122767
Sceloporus graciosus,2823,55960
Autographa californica,2824,121823
Garrulus glandarius,2825,8088
Ecnomiohyla miotympanum,2826,65433
Anthopleura sola,2827,49051
Coenonympha arcania,2828,125815
Malacosoma californicum,2829,55963
Anser anser domesticus,2830,120479
Xylocopa micans,2831,133788
Epargyreus clarus,2832,81559
Platycryptus undatus,2833,81839
Polistes exclamans,2834,133791
Polistes dominula,2835,84640
Aspidoscelis exsanguis,2836,73666
Aspidoscelis gularis,2837,73669
Mitrephanes phaeocercus,2838,16326
Pagurus samuelis,2839,49095
Aspidoscelis hyperythra,2840,73672
Polites sabuleti,2841,59192
Anaea andria,2842,81561
Amphipsalta zelandica,2843,81881
Aspidoscelis sexlineata,2844,73690
Aspidoscelis velox,2845,73694
Pyrausta inornatalis,2846,335840
Strongylocentrotus franciscanus,2847,49126
Kricogonia lyside,2848,204775
Ardenna creatopus,2849,475115
Ardenna gravis,2850,475120
Monadenia fidelis,2851,62803
Agraulis vanillae,2852,49150
Phanaeus vindex,2853,83929
Haemorhous cassinii,2854,199839
